application_id,age,emp_type,emp_exp_years,annual_income,additional_income,loan_amount,loan_term_months,loan_purpose,existing_debt,monthly_emi,credit_score,previous_defaults,repayment_status,defaulted_within_12_months
APP-10001,61,salaried,17,1327150,73736,2888283,84,business,452417,51645,332,0,poor,1
APP-10002,59,salaried,12,2059593,165852,77257,120,personal,366778,11915,584,0,poor,1
APP-10003,27,salaried,1,1805668,0,2582210,36,home,0,78900,849,0,excellent,0
APP-10004,26,salaried,5,1106516,0,242201,84,personal,0,3171,381,2,poor,1
APP-10005,38,salaried,11,982220,129842,2860918,36,other,0,87416,373,1,fair,1
APP-10006,31,salaried,4,1221132,0,284620,24,home,0,13045,710,0,good,0
APP-10007,57,self,20,1191820,0,1709400,84,vehicle,156413,27164,552,1,fair,1
APP-10008,48,self,12,1818323,92525,2187108,48,home,0,50121,412,0,fair,1
APP-10009,59,salaried,24,2263143,0,2370397,120,home,130116,25703,849,0,excellent,0
APP-10010,42,salaried,13,963361,0,1154733,60,personal,121579,24884,605,1,fair,0
APP-10011,30,salaried,2,302398,0,2099360,12,home,0,192441,614,0,fair,1
APP-10012,26,salaried,7,590298,0,2284331,120,personal,508369,36472,862,0,excellent,0
APP-10013,59,salaried,13,1143688,0,1723494,84,other,953313,51698,829,0,excellent,0
APP-10014,35,salaried,0,1265171,0,80160,12,other,250062,14988,369,2,poor,1
APP-10015,53,salaried,31,1198574,0,2445128,60,vehicle,505948,60286,716,0,excellent,0
APP-10016,63,salaried,27,2024287,0,277210,84,other,0,3630,400,0,poor,1
APP-10017,36,salaried,17,2181621,116200,1218303,48,personal,0,27919,377,1,poor,1
APP-10018,27,salaried,8,361898,0,1041447,24,vehicle,234130,54885,710,0,fair,0
APP-10019,45,salaried,12,1412342,0,1958443,36,vehicle,775990,83551,869,0,excellent,0
APP-10020,30,salaried,3,545296,0,2324131,12,other,62578,214957,898,0,excellent,0
APP-10021,31,salaried,8,636011,0,337399,60,home,256629,14026,713,0,excellent,0
APP-10022,36,salaried,1,643863,0,2498099,60,business,283432,54458,509,0,fair,1
APP-10023,46,salaried,20,1558278,0,354267,12,vehicle,600341,50817,402,0,poor,1
APP-10024,29,other,1,1324603,102704,1887879,120,business,0,17305,841,0,excellent,0
APP-10025,40,other,3,863257,76117,2370388,24,education,230861,115696,651,0,good,1
APP-10026,53,salaried,3,687127,0,1210480,12,home,147174,115456,568,0,fair,1
APP-10027,56,salaried,4,925178,0,1598604,60,business,143636,33695,342,1,poor,1
APP-10028,43,salaried,7,731147,233058,2653243,84,personal,0,34744,542,1,poor,1
APP-10029,47,salaried,23,1693286,0,1776850,120,other,0,16287,554,0,poor,1
APP-10030,45,self,27,2274217,261331,1516573,36,personal,702094,67791,497,1,poor,1
APP-10031,38,salaried,16,1976372,0,2299051,36,home,283903,78922,482,1,poor,1
APP-10032,27,salaried,5,1615658,0,2195063,12,vehicle,0,201214,494,1,poor,1
APP-10033,54,other,34,1126425,56686,2836014,36,business,899208,114130,427,2,poor,1
APP-10034,63,salaried,25,1540067,0,854635,48,other,0,19585,478,1,poor,1
APP-10035,21,salaried,1,2103081,0,2594523,84,education,473638,48447,518,0,poor,1
APP-10036,63,salaried,32,1705881,143138,2871909,36,personal,0,87752,450,0,poor,1
APP-10037,60,self,4,2210153,0,2691427,60,personal,0,49342,693,0,good,0
APP-10038,65,salaried,6,2083192,291559,1998463,12,business,899545,210678,424,1,poor,1
APP-10039,56,salaried,28,2417193,0,2347941,48,personal,0,53806,786,0,excellent,0
APP-10040,61,salaried,33,2332547,0,1201745,48,home,0,27539,540,0,fair,1
APP-10041,26,salaried,3,1906566,0,947383,12,vehicle,578969,104533,777,0,excellent,0
APP-10042,47,salaried,24,381922,0,2464620,48,vehicle,378845,68055,605,1,poor,1
APP-10043,55,self,34,1225006,0,1194773,48,vehicle,362457,38455,714,0,good,0
APP-10044,29,other,8,413105,0,2532578,60,other,683971,67329,738,0,excellent,0
APP-10045,32,salaried,6,1673016,191361,1465579,120,vehicle,882335,40394,731,0,good,0
APP-10046,51,salaried,3,1767840,55975,2783657,12,home,0,255168,504,1,fair,1
APP-10047,29,salaried,1,1214209,0,1124763,120,education,646745,30071,417,2,fair,1
APP-10048,27,salaried,4,1874151,123981,368752,60,other,0,6760,548,0,poor,1
APP-10049,28,self,9,472256,244593,2824621,36,home,367806,97545,312,2,poor,1
APP-10050,48,other,20,2228286,0,1876565,24,other,692054,107155,576,0,poor,1
APP-10051,50,salaried,17,1651843,0,413490,36,vehicle,497282,27828,883,0,excellent,0
APP-10052,42,salaried,10,1062691,0,1538243,120,education,933082,42610,582,0,fair,1
APP-10053,26,salaried,6,2349244,0,1057991,84,vehicle,524663,29885,758,0,excellent,0
APP-10054,39,salaried,7,1584321,0,1597783,48,business,456173,50553,863,0,excellent,0
APP-10055,38,salaried,7,806067,0,1373504,12,other,809213,150629,489,0,poor,1
APP-10056,58,other,33,1486982,0,864188,36,personal,326950,36395,314,2,fair,1
APP-10057,24,salaried,5,829654,0,2108894,12,home,502198,208659,790,0,excellent,0
APP-10058,24,salaried,6,2303741,54258,1730688,48,home,729796,61960,354,0,poor,1
APP-10059,26,other,1,2045560,0,2643834,24,business,962635,150588,753,0,excellent,1
APP-10060,48,salaried,19,552624,0,466215,120,personal,287501,13057,383,0,fair,0
APP-10061,31,salaried,7,2270955,141360,1258399,84,education,0,16479,764,0,excellent,0
APP-10062,37,self,18,1129713,0,2334060,24,other,288535,115793,445,0,fair,1
APP-10063,59,self,36,1510520,0,2015861,84,education,998467,56906,578,0,fair,1
APP-10064,59,salaried,27,1651914,0,158485,12,personal,0,14527,889,0,excellent,0
APP-10065,64,self,36,468743,0,784803,48,business,970571,47641,584,0,fair,1
APP-10066,52,other,30,1759454,0,1396615,84,home,0,18289,637,0,fair,1
APP-10067,56,salaried,5,1619180,80776,1745233,120,business,0,15997,301,1,poor,1
APP-10068,24,salaried,2,2390831,0,266475,24,education,982735,42241,594,0,fair,1
APP-10069,22,other,4,1303686,0,1353380,60,home,107736,28102,530,2,poor,1
APP-10070,28,self,2,2390338,0,1274156,60,other,885271,50408,794,0,good,0
APP-10071,50,salaried,24,1099477,0,2181716,84,personal,0,28570,582,1,poor,1
APP-10072,53,salaried,0,1486312,0,2511795,60,other,165813,51115,757,0,excellent,0
APP-10073,42,salaried,17,1882133,0,1399632,120,personal,0,12829,544,0,fair,1
APP-10074,23,salaried,3,1898999,99746,2127558,12,personal,628849,214240,639,1,poor,1
APP-10075,27,salaried,7,364372,0,1769574,120,other,0,16221,376,1,poor,1
APP-10076,60,self,41,636866,0,2878460,120,business,342043,36836,799,0,good,0
APP-10077,60,salaried,40,1505354,0,429078,48,home,0,9833,402,1,poor,1
APP-10078,23,salaried,0,1530473,245803,660563,24,business,724919,52425,484,0,fair,1
APP-10079,60,self,31,900279,153157,1977578,36,other,853718,86510,776,0,good,0
APP-10080,31,salaried,5,1554743,0,1829680,84,education,326797,33945,503,2,poor,1
APP-10081,36,salaried,11,1540978,0,1288287,12,other,18491,118657,879,0,good,0
APP-10082,59,self,18,1265186,0,1527741,24,other,272801,78356,440,1,poor,1
APP-10083,23,salaried,3,439940,0,601181,12,education,445686,68726,479,1,poor,1
APP-10084,54,salaried,17,990149,272627,1287912,84,education,0,16865,779,0,good,0
APP-10085,35,self,12,1834171,226870,108379,36,business,396490,15425,568,0,poor,1
APP-10086,27,self,7,404960,0,2404713,36,business,76287,75807,775,0,good,0
APP-10087,62,salaried,8,490198,0,1326597,48,home,940358,59134,850,0,excellent,0
APP-10088,44,self,23,2057945,0,698116,48,other,523117,31982,717,0,fair,0
APP-10089,23,self,1,2159683,0,1040328,120,education,728987,31810,676,0,fair,1
APP-10090,24,salaried,1,812374,0,1957222,12,other,680556,200206,321,0,poor,1
APP-10091,57,salaried,35,1168880,0,1027267,36,personal,0,31388,302,1,poor,1
APP-10092,55,salaried,11,761064,0,158129,24,home,836730,32813,543,0,good,1
APP-10093,24,salaried,3,776679,0,2047520,48,education,124351,50721,762,0,excellent,0
APP-10094,23,self,5,2487124,36331,305120,48,vehicle,123206,10756,802,0,excellent,0
APP-10095,25,self,5,922157,164187,2668577,84,business,350981,45669,690,2,good,1
APP-10096,53,self,6,779887,0,2780142,120,business,0,25484,520,0,poor,1
APP-10097,42,self,12,2044787,0,1360922,48,education,402483,43485,456,1,poor,1
APP-10098,26,salaried,1,1862994,0,2383588,12,business,0,218495,875,0,excellent,0
APP-10099,47,salaried,21,2073925,0,265780,36,business,118633,11745,891,0,excellent,0
APP-10100,63,salaried,6,1768484,0,1591662,12,education,856432,172070,739,0,fair,0
APP-10101,60,self,35,410116,0,2809144,120,other,199179,31836,579,1,fair,1
APP-10102,43,salaried,4,1981011,36073,434859,84,business,450226,19450,764,0,excellent,0
APP-10103,40,self,18,656335,0,702549,24,business,95544,35119,578,0,fair,1
APP-10104,49,salaried,13,2448936,245398,515105,36,other,520271,31636,839,0,excellent,0
APP-10105,35,salaried,1,332241,130747,625604,120,education,135812,9883,307,1,poor,1
APP-10106,45,salaried,7,2398252,0,2851997,120,education,913625,54059,343,1,poor,1
APP-10107,41,salaried,18,1996272,0,1801935,36,home,350544,65770,475,2,poor,1
APP-10108,26,salaried,1,1320543,0,1729608,60,home,335346,41955,647,0,poor,1
APP-10109,53,self,33,2438893,203173,1522619,84,other,0,19939,541,0,fair,0
APP-10110,59,salaried,41,616054,279059,1995960,120,business,0,18296,759,0,excellent,0
APP-10111,62,self,39,1655633,0,2680740,36,personal,501699,97240,752,0,excellent,0
APP-10112,58,salaried,32,611178,256933,207736,12,education,0,19042,378,1,poor,1
APP-10113,60,salaried,24,2240753,0,222061,48,business,347145,15695,787,0,excellent,0
APP-10114,49,salaried,21,653702,0,773764,12,personal,0,70928,749,0,good,0
APP-10115,31,salaried,4,1924942,0,1469214,84,business,671532,39758,642,0,good,0
APP-10116,39,salaried,21,930711,94149,1517254,36,other,420997,59223,432,1,poor,1
APP-10117,56,salaried,21,836005,0,2924836,60,home,453973,67492,820,0,excellent,0
APP-10118,40,salaried,6,1733329,0,2089568,24,personal,0,95771,458,0,poor,1
APP-10119,53,self,33,458324,0,2642211,24,business,180128,126604,485,2,poor,1
APP-10120,49,salaried,23,1296273,0,2611022,36,other,0,79781,539,0,fair,1
APP-10121,33,salaried,14,2236426,0,1651689,60,business,179930,35777,504,1,good,1
APP-10122,24,self,6,1856976,0,480292,84,business,0,6289,591,0,good,1
APP-10123,53,salaried,27,684674,0,981294,120,vehicle,0,8995,327,1,poor,1
APP-10124,36,salaried,2,1872497,187082,465584,120,other,839822,29928,449,0,poor,1
APP-10125,65,self,45,2267590,0,72025,12,home,885522,33659,453,1,poor,1
APP-10126,48,salaried,9,1296735,45034,1050087,48,other,0,24064,768,0,excellent,0
APP-10127,59,salaried,40,2461642,0,652204,36,vehicle,379954,31537,546,0,good,0
APP-10128,54,other,4,2427886,0,2179123,60,home,502972,55318,344,1,poor,1
APP-10129,22,salaried,0,1746206,74349,2490679,84,education,379412,44209,859,0,excellent,0
APP-10130,32,self,10,2248769,0,2057105,84,personal,0,26938,364,2,poor,1
APP-10131,39,salaried,6,475766,182569,2211675,48,business,48399,52162,495,1,poor,1
APP-10132,62,salaried,7,1843584,0,1727812,84,vehicle,0,22626,695,0,excellent,0
APP-10133,44,other,16,1418707,0,1830480,12,vehicle,872287,194447,484,1,poor,1
APP-10134,41,self,9,2170306,0,1837260,24,other,478849,98838,343,2,poor,1
APP-10135,48,salaried,25,540577,232971,1573837,60,other,42653,30156,446,2,poor,1
APP-10136,23,salaried,1,1836492,36979,2587951,24,other,398984,130805,680,0,excellent,1
APP-10137,54,salaried,20,1468909,79479,158688,84,personal,415785,14782,875,0,excellent,0
APP-10138,49,salaried,18,2360242,91160,360596,48,personal,0,8263,755,0,good,0
APP-10139,63,salaried,4,1517867,0,710624,84,other,0,9305,478,2,poor,1
APP-10140,33,self,7,2372078,213415,2010442,120,business,937199,47065,388,0,poor,1
APP-10141,54,salaried,26,609332,186213,2744163,12,vehicle,552491,268429,652,0,fair,1
APP-10142,61,salaried,8,2114532,0,282418,120,home,328897,12637,468,0,poor,1
APP-10143,43,other,16,1491384,0,1101114,24,other,0,50467,581,0,fair,1
APP-10144,26,salaried,2,946737,197009,2413985,12,home,682612,242138,890,0,excellent,0
APP-10145,57,salaried,1,2388923,0,2338317,36,other,0,71448,794,0,excellent,0
APP-10146,40,salaried,22,551293,237905,2081096,48,personal,160647,52599,620,1,fair,1
APP-10147,46,salaried,11,2459983,0,1388469,24,vehicle,481435,78348,553,0,good,0
APP-10148,60,salaried,10,1673365,0,1361621,24,personal,549728,79204,778,0,excellent,0
APP-10149,52,salaried,25,2419987,0,1059689,24,business,62995,50493,588,0,poor,1
APP-10150,64,salaried,34,334298,0,1857442,24,education,0,85132,712,0,good,0
APP-10151,24,salaried,1,1820534,0,358414,48,business,586566,26135,586,1,fair,1
APP-10152,28,salaried,1,1952151,197778,2389716,36,personal,543853,89636,711,0,good,0
APP-10153,23,salaried,2,2287026,0,674702,60,business,986610,42515,626,0,poor,1
APP-10154,58,salaried,32,2354565,0,1307412,48,home,716537,51855,412,2,poor,1
APP-10155,22,salaried,2,1254385,0,2497474,48,personal,766215,80645,689,0,good,0
APP-10156,57,other,7,1100207,184465,1806491,24,vehicle,440311,96250,813,0,excellent,0
APP-10157,24,self,4,1169654,0,2827580,48,business,191594,70652,770,0,good,0
APP-10158,55,salaried,16,2330798,149247,1220237,60,education,322071,32212,595,1,fair,1
APP-10159,41,salaried,17,1446964,219069,1704789,120,education,0,15627,449,1,poor,1
APP-10160,43,other,20,1375603,0,947525,24,business,599318,61740,578,0,fair,1
APP-10161,36,salaried,16,1246535,0,270163,12,vehicle,505351,40205,402,1,fair,1
APP-10162,31,salaried,7,2302564,0,1254793,36,education,962040,67735,391,1,poor,1
APP-10163,32,salaried,13,1037311,0,202420,120,vehicle,0,1855,490,2,poor,1
APP-10164,23,salaried,4,750051,0,1455268,36,vehicle,0,44466,856,0,excellent,0
APP-10165,53,salaried,12,772474,260603,2769105,36,other,782399,108517,645,1,fair,1
APP-10166,32,self,10,2000749,0,2211243,36,home,110018,70926,489,2,poor,1
APP-10167,21,salaried,1,2173744,0,1432548,36,business,0,43772,311,1,poor,1
APP-10168,24,self,3,1586839,283465,1354336,84,home,996327,48178,602,0,fair,0
APP-10169,51,salaried,23,2044182,0,2024796,120,business,0,18560,523,1,fair,1
APP-10170,26,salaried,8,1817435,78829,309032,120,business,0,2832,507,0,good,0
APP-10171,54,salaried,13,2350293,287583,1918489,120,home,548179,34335,725,0,good,0
APP-10172,56,salaried,19,391311,21580,963944,60,home,371264,29016,365,1,fair,1
APP-10173,51,salaried,26,1054896,0,2740750,84,other,0,35890,683,2,good,1
APP-10174,45,salaried,21,857799,0,1508652,12,personal,0,138293,702,0,good,0
APP-10175,21,self,2,2241979,0,2333569,48,business,250820,61140,553,0,good,0
APP-10176,28,salaried,10,2058422,0,115623,24,personal,632795,24634,334,1,poor,1
APP-10177,36,self,12,2141143,133911,286743,24,business,0,13142,539,1,poor,1
APP-10178,57,salaried,20,1293647,95109,2819131,60,personal,298519,60805,362,1,poor,1
APP-10179,61,self,35,2378784,200572,2748263,84,vehicle,0,35989,626,0,fair,0
APP-10180,45,salaried,17,2286081,138145,1311379,120,other,495517,27160,359,1,poor,1
APP-10181,54,salaried,15,1369529,61455,1936542,120,education,769782,41272,495,0,poor,1
APP-10182,59,salaried,4,1089214,0,2514504,84,other,512681,48593,513,1,fair,1
APP-10183,34,other,3,2308739,0,2967668,60,other,969579,84033,545,0,poor,1
APP-10184,50,salaried,22,1593616,288863,2135732,48,home,0,48943,780,0,excellent,0
APP-10185,34,salaried,13,491744,0,978090,84,personal,590189,30841,898,0,excellent,0
APP-10186,39,salaried,10,1264768,148833,2144222,60,other,0,39310,645,0,poor,1
APP-10187,52,salaried,22,1009951,276018,821952,60,other,0,15069,836,0,excellent,0
APP-10188,63,salaried,0,2029698,141337,335078,84,personal,540299,20896,766,0,excellent,0
APP-10189,61,self,39,2326705,0,115983,12,business,22426,11316,317,1,poor,1
APP-10190,22,salaried,3,1051899,70496,2249431,24,personal,562029,120271,558,1,fair,1
APP-10191,26,salaried,6,2225176,0,2974421,24,education,899053,163798,382,1,poor,1
APP-10192,26,salaried,6,2296510,24954,2997946,24,home,464987,151612,639,0,poor,1
APP-10193,54,other,14,1186747,0,2953665,60,vehicle,979051,84065,376,1,poor,1
APP-10194,57,self,11,1619044,128610,2512207,24,other,0,115142,378,1,poor,1
APP-10195,45,self,17,1691375,93374,2941177,84,home,372659,49901,354,0,poor,1
APP-10196,42,self,19,1963893,0,1418922,12,other,482436,144808,802,0,excellent,0
APP-10197,45,salaried,21,1894140,174863,1083685,84,home,171712,19437,689,1,good,0
APP-10198,41,salaried,2,321790,0,1915357,36,education,101537,61626,491,1,poor,1
APP-10199,47,salaried,2,1784424,0,2553683,60,education,0,46817,312,1,poor,1
APP-10200,56,other,15,2485670,219613,760941,24,education,527077,50981,449,0,poor,1
APP-10201,40,salaried,2,1814667,149284,2671581,48,business,490102,76198,409,0,fair,1
APP-10202,42,self,12,1682198,0,1856135,120,other,0,17014,439,1,poor,1
APP-10203,51,salaried,25,1638560,277429,2465412,120,personal,303916,31885,702,0,good,0
APP-10204,33,salaried,5,412894,0,1986183,84,personal,315482,35648,370,2,poor,1
APP-10205,64,salaried,40,1570172,100815,1824727,120,vehicle,636979,36189,790,0,excellent,0
APP-10206,53,other,26,454204,0,1557975,84,business,968819,50004,387,0,poor,1
APP-10207,31,self,0,1976118,0,1440817,120,vehicle,113396,16671,564,0,poor,1
APP-10208,58,self,14,2169730,262778,2900262,60,other,371724,64529,325,1,poor,1
APP-10209,28,self,2,1760996,258725,917664,60,vehicle,112365,20256,748,0,good,0
APP-10210,41,salaried,1,782702,199871,2767782,12,other,0,253713,549,0,fair,1
APP-10211,56,salaried,29,1272472,0,2691406,24,personal,463125,137507,705,0,excellent,0
APP-10212,33,salaried,13,1930895,132615,913122,36,other,0,27900,364,1,poor,1
APP-10213,32,salaried,3,2219105,276630,2263397,84,education,651003,49530,701,0,good,0
APP-10214,43,self,19,1023632,0,1297574,60,business,150454,28385,620,0,fair,0
APP-10215,44,self,16,1929333,0,628257,60,vehicle,520310,27416,850,0,excellent,0
APP-10216,32,salaried,7,1511460,184930,1941635,60,home,0,35596,309,1,fair,1
APP-10217,56,salaried,31,2016033,0,1793280,84,vehicle,96686,26437,878,0,excellent,0
APP-10218,39,salaried,7,1510771,259768,2422509,84,vehicle,128710,35655,886,0,excellent,0
APP-10219,44,salaried,24,474527,0,1901225,60,personal,0,34855,404,2,poor,1
APP-10220,40,self,1,2186314,65604,1891592,120,home,0,17339,542,0,poor,1
APP-10221,60,self,10,883993,0,917980,120,home,568136,25773,587,0,good,0
APP-10222,39,salaried,16,699403,235794,298663,36,other,918149,37179,435,1,poor,1
APP-10223,64,salaried,9,1427081,0,1623586,48,home,932878,65711,395,1,poor,1
APP-10224,50,other,20,310372,0,440664,84,vehicle,741160,28416,666,1,good,1
APP-10225,34,other,6,2374984,168684,1466647,60,business,903829,54504,796,0,excellent,0
APP-10226,23,salaried,3,368288,102828,1900887,48,home,0,43561,738,0,good,0
APP-10227,62,salaried,17,691496,0,1100208,12,education,690432,121948,469,0,poor,1
APP-10228,48,self,22,699229,269984,376898,24,business,723013,39366,755,0,excellent,0
APP-10229,28,other,6,854382,0,1010272,48,home,0,23152,404,0,poor,1
APP-10230,29,salaried,2,899169,24443,2609864,84,personal,767524,57628,518,0,good,1
APP-10231,60,self,13,663595,0,637257,120,home,412686,18450,659,2,good,1
APP-10232,36,salaried,2,1340887,0,2566615,84,business,997002,64073,327,2,poor,1
APP-10233,34,salaried,16,1091240,0,1289593,84,home,0,16887,545,0,good,0
APP-10234,61,salaried,33,350612,0,1377382,24,vehicle,0,63130,882,0,excellent,0
APP-10235,64,salaried,30,606149,55406,107853,36,personal,73406,5537,707,0,good,0
APP-10236,53,self,27,1987273,100048,1213784,12,education,975659,141074,508,2,good,1
APP-10237,46,salaried,24,577306,249368,1050917,12,personal,465589,110560,418,1,poor,1
APP-10238,63,self,11,800980,91938,2992302,12,personal,373546,285707,835,0,excellent,0
APP-10239,31,salaried,11,1427279,0,545165,120,home,460179,19058,578,0,fair,1
APP-10240,61,salaried,29,2442374,281939,2427692,24,education,820894,136351,405,2,poor,1
APP-10241,35,self,0,484708,0,101539,24,home,411583,17229,453,0,poor,1
APP-10242,56,self,26,1241685,238238,1391905,36,home,135200,46661,814,0,excellent,0
APP-10243,32,salaried,8,492638,0,339098,48,education,0,7770,618,0,fair,0
APP-10244,44,salaried,18,1574688,0,1067471,48,education,527326,40574,500,1,fair,1
APP-10245,30,salaried,6,400286,201625,2717333,120,other,0,24908,643,0,fair,0
APP-10246,27,salaried,3,2060835,0,301218,24,other,56032,15517,537,1,fair,1
APP-10247,50,other,5,700879,0,2722676,120,vehicle,605403,43455,363,1,poor,1
APP-10248,39,salaried,10,1948162,0,1418398,36,vehicle,88315,46037,507,0,poor,1
APP-10249,30,salaried,7,2254776,83300,2297830,36,personal,495854,85362,571,1,good,1
APP-10250,65,self,13,1674866,150138,1542093,48,business,323357,45219,566,1,good,1
APP-10251,49,salaried,15,697306,0,636334,12,home,828895,83657,527,0,poor,1
APP-10252,64,self,41,652486,0,1135572,120,home,77603,12780,502,2,fair,1
APP-10253,26,other,5,813918,261694,262389,24,business,769620,35542,704,0,good,0
APP-10254,64,salaried,22,1200584,0,1203357,36,vehicle,0,36769,335,1,poor,1
APP-10255,39,salaried,17,2309201,166683,1656482,24,vehicle,937625,104571,838,0,excellent,0
APP-10256,22,other,2,2311942,0,2082893,36,business,417247,76392,576,0,fair,1
APP-10257,22,self,2,545749,0,2028387,60,education,0,37187,538,2,good,1
APP-10258,38,salaried,1,1220278,0,1679162,36,personal,631301,70596,625,1,fair,1
APP-10259,22,self,2,896020,0,839509,120,vehicle,194084,13625,802,0,excellent,0
APP-10260,35,self,0,2304831,125625,597312,36,other,851403,44266,631,0,good,0
APP-10261,28,self,5,604219,227406,2507932,12,education,153079,234570,461,2,poor,1
APP-10262,52,self,11,1796634,111934,1637057,36,other,143534,54406,481,2,poor,1
APP-10263,46,self,24,435823,186837,2614318,24,other,992188,150138,808,0,excellent,0
APP-10264,36,salaried,10,1004170,0,422143,120,other,774711,27540,643,0,fair,0
APP-10265,65,salaried,16,753129,0,251945,48,vehicle,0,5773,470,2,poor,1
APP-10266,43,salaried,3,2311123,0,2474540,84,other,483209,47168,375,2,fair,1
APP-10267,41,salaried,3,611219,216848,724882,84,home,951751,38573,395,1,poor,1
APP-10268,22,salaried,1,2121168,73088,1438711,24,personal,591028,83999,853,0,excellent,0
APP-10269,40,salaried,1,1947951,0,2109186,24,home,458377,110676,389,1,poor,1
APP-10270,51,salaried,1,1168023,172993,393664,48,home,426774,22061,782,0,excellent,0
APP-10271,26,self,6,1075448,219987,1599382,24,vehicle,471101,87699,776,0,excellent,0
APP-10272,57,salaried,6,659482,0,2321001,48,business,73946,55448,696,1,good,1
APP-10273,64,self,30,1288354,0,381161,48,other,608967,27341,829,0,good,0
APP-10274,30,salaried,12,2183409,107642,938731,120,personal,453940,22475,380,2,poor,1
APP-10275,30,self,4,1641126,0,331068,12,vehicle,588870,48340,633,1,fair,1
APP-10276,65,self,33,2059904,98455,671594,60,business,995294,42723,402,2,poor,1
APP-10277,39,self,11,2023397,274586,2449239,60,vehicle,298792,54031,712,0,excellent,0
APP-10278,64,self,2,1960075,0,1440386,84,personal,508302,34393,575,1,good,1
APP-10279,40,salaried,15,711953,0,1006122,24,education,0,46113,753,0,excellent,0
APP-10280,38,self,19,674496,130829,1757796,84,vehicle,0,23018,682,1,good,0
APP-10281,25,salaried,6,868956,0,2249015,60,home,927693,69577,505,1,fair,1
APP-10282,24,other,5,1135126,263384,2168653,48,other,0,49698,331,1,poor,1
APP-10283,32,other,7,1766999,155612,2939248,12,education,62062,271327,466,2,poor,1
APP-10284,35,self,6,1428618,0,2202857,12,other,965793,231438,435,1,poor,1
APP-10285,35,salaried,9,1455021,0,1629052,120,education,238808,22228,777,0,excellent,0
APP-10286,60,salaried,6,330817,0,2828120,120,education,632615,45253,589,0,good,1
APP-10287,42,other,20,1663723,0,1145329,84,other,0,14998,605,0,fair,0
APP-10288,24,self,6,1994911,0,2905296,24,other,531533,149400,602,0,fair,1
APP-10289,23,salaried,4,1096561,136582,2928626,60,other,0,53691,667,0,fair,1
APP-10290,32,salaried,7,836636,0,2394748,120,personal,0,21951,643,0,fair,0
APP-10291,40,salaried,10,1858949,174167,1995153,120,home,918479,46352,897,0,excellent,0
APP-10292,25,salaried,3,2399154,220104,2272303,36,vehicle,905735,97106,454,0,poor,1
APP-10293,57,self,29,900725,114558,388947,48,education,195413,14883,620,0,good,0
APP-10294,34,self,5,964525,0,419272,24,business,460268,33279,713,0,good,0
APP-10295,45,salaried,17,1136403,0,109043,36,business,719621,25319,304,1,poor,1
APP-10296,40,salaried,12,2411146,0,750533,12,home,314955,78421,766,0,excellent,0
APP-10297,54,salaried,8,1737525,0,2105958,36,personal,960947,93710,713,0,excellent,0
APP-10298,29,salaried,0,2416586,212199,2778564,120,home,681425,46291,561,1,fair,1
APP-10299,24,self,5,382802,80707,1798083,48,vehicle,275015,49609,785,0,excellent,0
APP-10300,65,self,0,1562973,0,473540,84,business,645053,25910,440,1,poor,1
APP-10301,60,salaried,7,745702,0,2604338,24,education,0,119365,506,0,fair,1
APP-10302,23,salaried,1,2316050,21435,103474,84,home,0,1355,887,0,excellent,0
APP-10303,26,self,1,724843,0,2752544,24,vehicle,0,126158,603,0,good,0
APP-10304,23,self,2,1611588,0,536124,12,home,155117,53883,474,1,poor,1
APP-10305,38,self,2,1862890,0,817009,12,vehicle,488715,89824,578,1,fair,1
APP-10306,47,self,25,999520,50747,718552,12,vehicle,0,65867,794,0,good,0
APP-10307,32,self,12,1804072,0,2920850,120,other,0,26774,433,1,poor,1
APP-10308,49,salaried,16,1618009,295155,2468641,84,business,712382,54094,646,0,fair,0
APP-10309,27,salaried,3,2321359,221786,673501,120,business,0,6173,355,0,poor,1
APP-10310,51,self,10,614007,0,1394835,24,education,0,63929,351,1,poor,1
APP-10311,46,self,2,2225582,0,2453482,48,home,0,56225,757,0,excellent,0
APP-10312,62,salaried,25,2029473,20088,431243,120,business,0,3953,611,1,fair,1
APP-10313,63,salaried,21,1823968,0,984986,120,vehicle,814694,33922,784,0,excellent,0
APP-10314,49,salaried,14,309214,173083,2347180,60,education,0,43031,346,2,poor,1
APP-10315,27,salaried,3,1086614,225990,954247,48,personal,0,21868,410,2,fair,1
APP-10316,64,salaried,28,2218423,0,2164757,24,vehicle,781976,123111,349,1,poor,1
APP-10317,51,other,11,1028342,0,588472,12,vehicle,645605,73669,629,0,fair,1
APP-10318,65,self,17,1968787,0,1283853,48,personal,641792,49031,824,0,excellent,0
APP-10319,41,self,17,1211600,172347,2929856,36,other,754904,112589,482,1,poor,1
APP-10320,28,self,8,2314817,0,2848260,84,vehicle,947286,66242,846,0,excellent,0
APP-10321,21,salaried,0,1897485,49677,888451,36,personal,0,27147,556,0,good,1
APP-10322,34,self,1,1804423,0,479832,60,other,0,8796,529,1,fair,1
APP-10323,53,self,18,497047,0,1675522,48,other,588944,56392,355,0,poor,1
APP-10324,49,self,23,1124051,0,861588,36,vehicle,725819,48503,376,0,fair,1
APP-10325,28,salaried,6,1470681,0,595538,24,business,0,27295,305,1,poor,1
APP-10326,23,salaried,2,513303,0,2672977,60,other,838278,74618,886,0,excellent,0
APP-10327,41,salaried,5,2483581,284839,718448,48,business,106411,19715,657,0,good,0
APP-10328,42,salaried,6,2291695,0,2773362,12,home,477315,268808,546,2,fair,1
APP-10329,36,other,10,1899592,0,525525,48,education,306567,21410,325,2,poor,1
APP-10330,53,self,28,2341806,120931,1393489,60,home,0,25547,471,2,poor,1
APP-10331,21,self,1,1194121,0,1829263,120,home,879005,43626,745,0,good,0
APP-10332,64,salaried,29,1691315,58403,277616,24,education,612891,31451,533,2,fair,1
APP-10333,61,salaried,20,370845,82026,2293257,12,other,0,210215,364,2,poor,1
APP-10334,43,other,3,1515662,0,1313956,60,home,981705,54085,748,0,good,0
APP-10335,51,salaried,14,872025,0,2338934,36,other,720189,93472,682,2,excellent,1
APP-10336,30,salaried,0,1952898,0,407047,36,personal,0,12437,652,0,fair,0
APP-10337,30,salaried,3,1360075,115083,2864285,120,business,0,26255,862,0,excellent,0
APP-10338,25,salaried,1,1351460,275428,1437689,36,personal,255925,51748,402,1,fair,1
APP-10339,41,salaried,10,1582095,0,689190,60,business,341699,23075,738,0,excellent,0
APP-10340,36,self,13,1460479,0,613319,84,other,513268,23714,773,0,excellent,0
APP-10341,52,salaried,11,643822,0,637209,60,personal,939390,40385,378,2,poor,1
APP-10342,61,salaried,37,1999257,0,942382,12,business,947412,115333,852,0,excellent,0
APP-10343,44,salaried,24,1520538,282732,2190823,12,vehicle,21106,201469,544,1,poor,1
APP-10344,64,salaried,32,888757,0,801389,60,business,163300,19681,795,0,good,0
APP-10345,35,self,7,563658,142693,229551,84,personal,839906,28669,669,0,fair,0
APP-10346,23,other,2,732957,0,2236796,84,education,0,29291,569,0,fair,1
APP-10347,62,salaried,37,626474,0,1628437,24,business,866934,101125,653,0,good,0
APP-10348,21,salaried,1,2145068,60416,2208142,84,education,205984,35209,461,1,poor,1
APP-10349,63,salaried,21,775376,0,2058294,48,personal,688700,68212,720,0,excellent,0
APP-10350,29,salaried,2,865073,0,214378,60,personal,280804,12510,484,1,poor,1
APP-10351,61,salaried,42,1488894,0,958458,48,business,0,21964,793,0,excellent,0
APP-10352,59,salaried,37,1062877,0,2192471,36,personal,0,66992,650,2,good,1
APP-10353,35,salaried,4,755376,294051,2165437,84,vehicle,0,28356,398,0,poor,1
APP-10354,23,self,4,2411115,0,440867,48,other,642789,29743,852,0,good,0
APP-10355,48,salaried,11,482193,0,1849172,24,vehicle,0,84753,690,0,fair,1
APP-10356,27,salaried,4,2301275,0,401556,36,business,0,12269,718,0,good,0
APP-10357,21,salaried,0,2480039,127698,2934702,120,education,121760,30621,458,1,poor,1
APP-10358,55,salaried,23,1455784,0,1717043,120,personal,831861,41156,870,0,excellent,0
APP-10359,56,salaried,16,1586196,0,1719877,84,personal,0,22522,421,2,poor,1
APP-10360,27,salaried,6,1719511,0,2625409,84,other,0,34380,464,1,poor,1
APP-10361,30,salaried,9,2126105,157935,980171,36,home,769687,53467,693,2,good,1
APP-10362,54,salaried,3,1035140,0,1891182,12,personal,0,173358,830,0,excellent,0
APP-10363,59,salaried,14,1010862,0,1558858,24,other,175092,76797,388,2,poor,1
APP-10364,63,salaried,37,1140162,0,337801,12,business,880071,57856,872,0,good,0
APP-10365,43,other,8,1249152,0,865897,48,vehicle,283791,28514,479,1,fair,1
APP-10366,53,salaried,7,2452880,0,2306130,120,business,474276,35630,686,0,good,0
APP-10367,50,self,1,2321529,55417,1655047,84,personal,251099,29345,623,0,fair,1
APP-10368,21,self,2,1341267,229154,2875693,84,education,986639,67804,482,1,poor,1
APP-10369,38,salaried,6,2392954,0,1035079,84,personal,0,13554,511,0,poor,1
APP-10370,43,salaried,3,802806,0,2884561,84,vehicle,811368,62565,854,0,good,0
APP-10371,44,self,15,1452313,0,2193849,36,vehicle,614677,85815,431,0,poor,1
APP-10372,55,salaried,22,1951368,0,783165,48,home,492418,32993,623,0,good,0
APP-10373,45,salaried,10,1816670,0,1139263,24,business,292495,61153,782,0,good,0
APP-10374,44,salaried,13,1183037,0,1611579,36,vehicle,198627,55311,885,0,excellent,0
APP-10375,64,salaried,6,1432248,0,2379264,48,vehicle,848900,80462,453,1,fair,1
APP-10376,52,salaried,33,1624256,0,1308434,36,business,0,39979,348,1,poor,1
APP-10377,34,self,15,703919,0,1453651,36,education,594572,62584,563,0,fair,1
APP-10378,64,other,12,1032068,0,1243735,36,education,521174,53927,757,0,good,0
APP-10379,60,salaried,40,907537,0,2736789,120,education,652053,45010,885,0,excellent,0
APP-10380,26,salaried,3,1614839,172754,1171860,60,other,940812,50231,755,0,excellent,0
APP-10381,58,salaried,28,2036395,32111,574455,84,personal,996120,37959,381,1,poor,1
APP-10382,25,other,7,525760,228148,2247743,120,home,658127,40713,459,0,poor,1
APP-10383,40,salaried,9,2158749,0,600616,60,personal,705781,32576,665,1,good,0
APP-10384,50,other,17,2165814,112818,2528124,60,vehicle,676738,67026,877,0,excellent,0
APP-10385,61,salaried,22,2320193,0,425616,48,education,282427,18382,459,1,fair,1
APP-10386,43,salaried,17,334884,0,2113310,120,vehicle,813072,44215,740,0,good,0
APP-10387,35,self,17,1867176,249169,1705710,24,personal,0,78178,699,1,good,0
APP-10388,48,self,16,1440284,298891,1177521,48,personal,0,26984,486,0,fair,1
APP-10389,60,salaried,39,2363580,30168,688160,12,business,117241,66663,588,0,poor,1
APP-10390,35,salaried,0,2370222,240328,1356847,120,vehicle,0,12437,774,0,excellent,0
APP-10391,42,salaried,24,912736,225742,349409,60,vehicle,949208,35408,556,1,poor,1
APP-10392,36,salaried,14,1336673,0,190552,24,vehicle,0,8733,396,1,poor,1
APP-10393,45,self,9,1655025,42117,2355105,60,home,679536,63939,605,0,poor,1
APP-10394,28,salaried,6,1661108,164755,2502396,12,vehicle,0,229386,309,2,poor,1
APP-10395,65,salaried,23,675305,282101,433365,84,business,806456,30316,361,0,poor,1
APP-10396,27,salaried,3,1628501,0,2753841,120,education,0,25243,749,0,good,0
APP-10397,65,salaried,46,865107,40703,2085504,84,vehicle,579097,45004,801,0,excellent,0
APP-10398,55,salaried,29,1454794,0,2561045,120,business,566937,40799,458,1,poor,1
APP-10399,44,salaried,24,2422140,117273,128516,60,education,0,2356,544,0,good,0
APP-10400,45,salaried,21,2386872,0,696474,60,education,682036,33607,629,0,fair,0
APP-10401,23,self,1,1049265,0,897580,12,vehicle,43362,83602,884,0,excellent,1
APP-10402,63,salaried,39,1373484,135722,2591553,84,home,975775,63752,513,0,poor,1
APP-10403,50,self,3,1813833,0,1794634,120,education,0,16450,359,2,poor,1
APP-10404,25,self,1,1205550,0,457347,12,other,414048,54574,494,0,poor,1
APP-10405,61,other,35,2041410,0,2728584,60,education,746677,72839,737,0,fair,0
APP-10406,32,salaried,8,1715631,0,2289340,60,vehicle,0,41971,622,0,poor,0
APP-10407,47,self,13,1656651,0,2412000,60,personal,586967,62155,560,0,fair,1
APP-10408,21,self,2,368377,0,1316015,12,education,0,120634,519,1,good,1
APP-10409,56,salaried,36,948920,261366,1541728,24,personal,942839,99470,896,0,excellent,0
APP-10410,40,salaried,12,1211998,0,1411857,120,vehicle,875814,39702,890,0,good,0
APP-10411,59,self,2,1900320,49319,1452531,36,vehicle,919986,72492,423,2,poor,1
APP-10412,59,other,40,1904266,294927,222730,36,business,352707,17582,814,0,excellent,0
APP-10413,24,self,3,2169049,0,2462793,60,home,313859,54741,703,0,excellent,0
APP-10414,26,salaried,0,1974329,228942,2154798,48,other,151422,54006,792,0,excellent,0
APP-10415,46,self,6,2498854,57562,1166763,120,vehicle,979029,40609,889,0,excellent,0
APP-10416,48,salaried,6,1645274,32691,1328502,24,education,851792,86915,752,0,excellent,0
APP-10417,23,other,1,1137540,0,704274,120,other,0,6455,415,2,poor,1
APP-10418,30,self,4,357601,78341,1329757,48,vehicle,229162,37475,850,0,excellent,0
APP-10419,54,self,35,2325959,0,642854,84,other,404900,20789,896,0,good,0
APP-10420,23,salaried,0,1491239,162229,272655,48,other,0,6248,368,1,poor,1
APP-10421,27,salaried,6,1269591,0,2182972,84,home,0,28586,796,0,good,0
APP-10422,26,salaried,8,2220933,0,140129,12,personal,0,12845,612,0,fair,0
APP-10423,22,salaried,2,1790563,0,1040714,60,education,0,19079,563,1,poor,1
APP-10424,56,other,14,936310,225964,2805371,24,home,0,128579,833,0,good,1
APP-10425,61,self,26,1308146,0,1838723,36,business,578573,73861,434,1,fair,1
APP-10426,64,self,8,1596033,0,2246999,24,vehicle,0,102987,448,1,poor,1
APP-10427,41,salaried,17,796552,96295,173662,120,education,0,1591,723,0,fair,0
APP-10428,49,self,17,937354,0,497831,24,personal,651709,42730,573,0,fair,1
APP-10429,35,salaried,0,1806851,269876,612400,60,business,691121,32344,682,0,good,0
APP-10430,29,salaried,3,435180,0,112974,36,vehicle,713950,25266,507,1,good,1
APP-10431,60,salaried,20,2219082,0,1843298,48,home,874371,68958,689,1,good,1
APP-10432,59,salaried,41,461530,0,1944187,48,home,0,44554,551,0,fair,1
APP-10433,56,salaried,3,1096290,228687,1327392,120,education,452983,26008,601,0,good,0
APP-10434,30,salaried,10,2194559,282488,524676,24,business,0,24047,859,0,excellent,0
APP-10435,41,salaried,5,2202874,0,896964,48,home,735318,43023,467,2,fair,1
APP-10436,49,self,5,2497049,0,2196084,60,personal,409095,52761,344,2,poor,1
APP-10437,63,self,10,906527,46901,1809853,36,education,0,55301,756,0,excellent,0
APP-10438,28,self,3,314818,0,1111624,12,vehicle,532864,118179,856,0,good,0
APP-10439,52,salaried,30,2203117,0,383048,60,business,935020,35592,860,0,excellent,0
APP-10440,56,self,13,505180,48869,2790041,36,home,44007,86595,891,0,good,0
APP-10441,42,other,1,756707,0,797627,24,other,703029,58038,886,0,excellent,0
APP-10442,50,self,23,450324,176916,1404012,36,vehicle,0,42900,737,0,fair,0
APP-10443,39,salaried,3,1450994,236928,2250525,24,other,71010,105318,411,1,poor,1
APP-10444,26,salaried,4,2091192,0,1377449,36,business,663518,62362,662,2,good,1
APP-10445,54,self,31,2365713,0,2606033,24,other,212957,125950,301,0,poor,1
APP-10446,34,self,13,2036614,203317,2400552,120,other,681736,42835,506,0,fair,0
APP-10447,40,salaried,17,1658635,0,527465,84,education,769584,30422,882,0,excellent,0
APP-10448,32,salaried,13,1717409,0,2059525,48,home,514884,62929,459,1,poor,1
APP-10449,42,salaried,13,534974,0,1305538,60,other,592145,42027,848,0,excellent,0
APP-10450,64,salaried,22,577717,0,1226334,120,home,403468,23569,847,0,good,0
APP-10451,59,salaried,38,790081,0,1343025,84,education,0,17587,578,0,fair,0
APP-10452,44,salaried,9,1206556,0,784056,12,education,0,71871,506,2,fair,1
APP-10453,51,other,9,1097805,273478,2246254,36,education,924147,96872,400,2,poor,1
APP-10454,34,self,14,1925662,0,2240873,12,home,56168,207129,389,1,poor,1
APP-10455,54,self,19,394289,0,1359222,84,personal,211898,24273,593,0,fair,1
APP-10456,63,salaried,9,960586,27998,2662820,60,business,578882,66506,658,0,good,0
APP-10457,57,salaried,4,1606012,0,1470773,60,vehicle,40401,28198,782,0,good,0
APP-10458,27,salaried,1,2088726,253746,2635013,36,education,217772,87168,846,0,excellent,0
APP-10459,57,salaried,29,707950,0,2920908,84,other,0,38249,781,0,excellent,0
APP-10460,30,self,9,1382351,0,1694489,24,other,0,77664,638,1,poor,1
APP-10461,52,salaried,30,773482,261823,766393,36,education,143582,27804,820,0,excellent,0
APP-10462,41,salaried,2,1567175,0,1731146,60,vehicle,265528,39850,861,0,excellent,0
APP-10463,45,salaried,6,2108367,0,1876005,60,education,257625,42264,477,1,fair,1
APP-10464,52,salaried,29,1664734,0,1917372,24,education,0,87879,371,1,poor,1
APP-10465,45,salaried,20,557875,92832,2485917,120,other,0,22787,450,1,poor,1
APP-10466,45,self,14,1120685,185988,1307181,60,other,999156,54493,745,0,good,0
APP-10467,26,salaried,8,1995326,0,1283899,12,education,0,117690,354,0,poor,1
APP-10468,28,self,0,1286672,0,2525326,48,other,411384,70442,715,0,good,0
APP-10469,34,self,15,883297,221638,1561156,120,vehicle,925129,42577,428,0,fair,1
APP-10470,30,self,7,2131799,0,619484,12,personal,446056,70415,766,0,good,0
APP-10471,48,self,14,2436641,0,1937628,48,education,455405,58318,307,1,poor,1
APP-10472,53,salaried,34,1839183,39852,2432992,48,other,618455,74653,793,0,good,0
APP-10473,30,self,8,1471973,0,378139,60,business,505401,22374,379,1,poor,1
APP-10474,40,self,10,345228,0,2200264,48,business,0,50422,731,0,good,0
APP-10475,39,salaried,19,1575365,0,2414355,36,home,616224,92600,473,1,poor,1
APP-10476,60,salaried,31,646072,60297,1215382,36,personal,298586,46259,563,0,good,1
APP-10477,58,self,28,1850914,0,1145772,120,other,199592,16600,840,0,good,0
APP-10478,26,other,2,2380157,0,1782028,120,vehicle,471567,30743,471,1,poor,1
APP-10479,24,self,6,786515,263277,1722456,48,education,798977,63885,845,0,excellent,0
APP-10480,51,salaried,33,2123407,255311,1652241,84,education,0,21636,342,0,poor,1
APP-10481,48,self,20,1443327,160030,462202,36,other,493507,29201,547,1,fair,1
APP-10482,54,salaried,11,1613948,0,2871935,12,home,112444,266695,837,0,excellent,0
APP-10483,43,salaried,9,1356528,32425,2647940,12,home,0,242727,522,2,fair,1
APP-10484,26,self,2,1876883,0,2767514,60,personal,0,50737,488,1,poor,1
APP-10485,61,salaried,17,2090898,0,2850030,120,education,828656,51445,375,1,fair,1
APP-10486,42,other,8,1410084,56384,2112430,24,business,686838,117805,803,0,excellent,1
APP-10487,48,salaried,20,745643,0,1136309,12,home,609098,122772,556,1,good,1
APP-10488,30,self,0,458694,0,1167515,24,other,420339,66354,888,0,excellent,0
APP-10489,51,salaried,4,1247270,272741,558364,60,business,0,10236,667,0,good,0
APP-10490,61,other,41,680284,198290,387460,120,vehicle,0,3551,596,0,good,0
APP-10491,45,self,9,1936217,0,2694999,84,education,938214,63958,748,0,good,0
APP-10492,23,salaried,5,1300279,0,314210,120,business,533956,19195,846,0,good,0
APP-10493,22,salaried,0,1716494,0,229577,48,home,695611,26515,835,0,excellent,0
APP-10494,30,self,3,602130,94234,2100573,84,home,972612,57225,346,1,poor,1
APP-10495,32,self,14,1589066,0,458073,48,business,629752,29739,365,2,fair,1
APP-10496,59,self,14,564702,0,1837660,36,other,349984,66843,423,2,poor,1
APP-10497,41,self,6,491203,0,1457204,12,home,804348,158154,725,0,excellent,0
APP-10498,56,salaried,15,470703,217200,711666,12,vehicle,17574,65772,483,2,poor,1
APP-10499,39,salaried,15,832225,162055,2243985,48,vehicle,193027,57322,338,1,poor,1
APP-10500,26,self,4,1759003,0,2389206,24,personal,565953,126798,397,1,poor,1
APP-10501,53,salaried,13,1459417,79076,675863,84,vehicle,177520,14274,344,0,poor,1
APP-10502,48,salaried,19,2200638,47502,2303853,24,personal,0,105593,796,0,excellent,0
APP-10503,36,self,18,1667226,0,2888925,36,personal,0,88272,633,0,fair,1
APP-10504,33,salaried,7,608405,0,2081753,12,vehicle,982960,220861,765,0,excellent,0
APP-10505,29,salaried,3,1804036,0,898133,36,personal,606289,45967,361,1,fair,1
APP-10506,50,salaried,21,1222132,0,2581832,24,other,0,118333,474,1,poor,1
APP-10507,26,salaried,8,2351909,0,957826,60,vehicle,0,17560,585,0,fair,0
APP-10508,36,salaried,18,1232840,0,2532070,24,business,0,116053,727,0,fair,0
APP-10509,51,self,32,441014,0,1703898,48,other,0,39047,763,0,excellent,0
APP-10510,56,self,26,1214385,175079,1052700,84,home,711534,35526,612,0,fair,0
APP-10511,58,salaried,29,2245153,0,2999161,48,personal,0,68730,679,0,good,0
APP-10512,61,salaried,21,437213,161447,2977854,60,business,227208,61535,382,1,poor,1
APP-10513,53,other,23,516269,211674,2001831,60,home,193781,42621,872,0,excellent,1
APP-10514,34,salaried,10,1300898,0,2772264,48,other,0,63531,894,0,good,0
APP-10515,35,salaried,8,2412108,0,1212431,12,home,484386,125939,797,0,excellent,0
APP-10516,51,self,18,2195734,0,2874052,84,home,936919,66264,768,0,excellent,0
APP-10517,32,salaried,1,758709,78733,2973774,24,vehicle,224178,143146,833,0,good,0
APP-10518,39,salaried,21,853762,0,1812152,48,other,315677,51173,493,0,poor,1
APP-10519,54,self,26,1737775,0,1418628,48,business,565919,49801,861,0,excellent,0
APP-10520,57,salaried,19,1020317,0,1001192,48,education,0,22943,348,0,poor,1
APP-10521,60,other,34,1496410,111938,2956062,84,personal,132596,42761,342,2,poor,1
APP-10522,37,salaried,6,445496,0,1492198,24,education,180495,73907,846,0,excellent,0
APP-10523,46,other,24,909784,0,1393091,24,home,0,63850,859,0,good,0
APP-10524,62,self,30,1515623,0,2456387,84,personal,0,32166,752,0,excellent,0
APP-10525,51,other,8,790213,230569,2640074,120,personal,106973,27468,634,0,fair,1
APP-10526,54,salaried,17,1120891,253548,2889809,84,home,0,37842,703,0,excellent,0
APP-10527,59,self,3,1814415,244206,1600340,48,education,371675,48030,659,0,good,0
APP-10528,26,salaried,7,2043193,0,1260618,24,other,0,57778,734,0,good,0
APP-10529,29,self,9,661037,178980,2040671,120,business,0,18706,367,2,poor,1
APP-10530,26,salaried,4,2038597,262283,2432013,120,personal,882712,49264,690,0,good,0
APP-10531,58,salaried,35,2243857,21282,696023,36,education,0,21267,783,0,excellent,0
APP-10532,47,salaried,29,1326557,165341,2118002,12,business,0,194150,895,0,excellent,0
APP-10533,37,self,15,801570,29198,1138577,24,business,345209,62732,772,0,good,0
APP-10534,43,salaried,8,1814829,0,1543106,12,education,679983,162228,378,1,poor,1
APP-10535,27,salaried,2,1653111,0,2922960,120,education,741871,49461,671,0,good,0
APP-10536,21,salaried,2,1864534,0,1778030,36,personal,172062,59585,815,0,excellent,0
APP-10537,56,self,33,778011,0,370446,12,personal,0,33957,791,0,excellent,0
APP-10538,29,self,9,2494128,0,1484641,24,other,790623,92203,421,1,poor,1
APP-10539,65,salaried,8,1180136,61211,1831761,84,home,822323,49113,795,0,excellent,0
APP-10540,33,salaried,1,2267473,152651,231535,12,education,801203,45705,398,2,poor,1
APP-10541,58,other,11,1774439,96313,1213397,60,education,906677,49949,812,0,excellent,0
APP-10542,36,salaried,2,715679,0,108654,60,personal,0,1991,588,0,poor,1
APP-10543,27,other,8,2291101,117059,1894092,84,home,382058,36476,688,0,good,0
APP-10544,28,self,5,818480,0,2229895,24,vehicle,0,102203,595,0,good,1
APP-10545,52,salaried,18,2216569,0,1358651,84,vehicle,437066,31145,597,2,fair,1
APP-10546,51,other,23,1052027,277765,2868972,12,vehicle,700537,284394,387,0,poor,1
APP-10547,27,self,2,571415,124378,1470324,24,business,0,67389,713,0,excellent,0
APP-10548,52,salaried,17,1978709,232044,2082278,60,education,486719,53046,410,0,poor,1
APP-10549,61,other,1,717766,0,336171,48,other,197795,13746,691,0,good,0
APP-10550,60,self,4,2480823,0,2004637,24,education,524064,107892,816,0,excellent,0
APP-10551,55,salaried,2,2105255,0,549684,48,vehicle,404617,24959,753,0,excellent,0
APP-10552,32,salaried,13,1571061,0,738470,48,vehicle,760490,40160,698,0,excellent,0
APP-10553,63,salaried,34,2270561,0,705615,60,home,528721,29091,686,0,good,0
APP-10554,41,salaried,18,489240,212104,1513295,120,other,812364,38693,649,0,fair,1
APP-10555,47,salaried,21,1324370,183630,2535257,12,other,329723,242472,417,1,fair,1
APP-10556,23,salaried,3,2459059,0,1168280,12,other,33316,108109,624,0,fair,1
APP-10557,27,self,1,1163642,283595,2849226,36,personal,390983,99005,746,0,good,0
APP-10558,25,self,3,1505256,175881,2455520,48,personal,106424,59523,892,0,excellent,0
APP-10559,38,salaried,16,2293420,0,1506750,120,home,326509,23787,816,0,good,0
APP-10560,63,salaried,12,2037759,0,2671288,60,vehicle,584160,66822,484,2,poor,1
APP-10561,32,salaried,3,2259978,299298,2627073,120,vehicle,0,24081,361,1,poor,1
APP-10562,36,salaried,9,2126152,0,320228,84,personal,0,4193,573,1,fair,1
APP-10563,64,self,25,1300271,120619,166199,24,education,597019,25859,746,0,good,0
APP-10564,33,salaried,4,422229,165632,2812665,60,personal,54283,53223,797,0,excellent,0
APP-10565,26,salaried,4,566680,0,1757110,36,other,104693,56887,706,0,fair,0
APP-10566,36,salaried,16,806011,0,2484456,120,business,937533,51420,392,1,fair,1
APP-10567,42,self,23,1935571,0,1039596,48,personal,193662,29741,519,2,fair,1
APP-10568,58,salaried,34,1871626,0,523794,36,business,725903,38184,552,2,poor,1
APP-10569,44,salaried,11,1592564,38250,2827566,120,home,837119,51497,545,0,fair,1
APP-10570,65,salaried,43,811930,0,1041457,120,vehicle,963983,39001,702,0,fair,0
APP-10571,40,salaried,7,1547482,104005,1890652,84,education,0,24758,716,0,good,0
APP-10572,26,self,7,2275900,0,1445538,84,vehicle,0,18929,402,2,poor,1
APP-10573,25,salaried,5,2201117,0,268518,84,other,474943,18028,439,0,poor,1
APP-10574,41,salaried,3,961955,88206,2541484,84,vehicle,0,33281,627,0,poor,0
APP-10575,37,salaried,18,1673971,0,883256,12,vehicle,422608,93878,686,2,fair,1
APP-10576,22,other,4,1259267,0,1989550,24,education,0,91187,472,0,poor,1
APP-10577,37,salaried,11,1013547,0,542203,12,other,820926,74784,764,0,good,0
APP-10578,28,salaried,3,1099200,0,1166535,36,other,146523,40121,741,0,fair,0
APP-10579,34,other,9,1094246,0,1763474,120,personal,284516,24858,541,0,poor,1
APP-10580,58,self,29,659614,89837,1405791,84,vehicle,757986,41569,692,1,good,1
APP-10581,25,salaried,0,518576,143124,2025233,36,business,0,61882,346,0,poor,1
APP-10582,40,other,21,1855672,41561,2484738,24,education,526780,129979,647,1,good,1
APP-10583,54,salaried,16,790071,87041,2143841,120,education,0,19651,740,0,good,0
APP-10584,60,self,16,2468340,106499,1373482,84,vehicle,0,17986,454,1,poor,1
APP-10585,49,salaried,9,528871,38802,2022361,36,personal,0,61794,746,0,excellent,0
APP-10586,23,salaried,5,2335074,0,521820,120,other,0,4783,426,1,poor,1
APP-10587,32,self,11,2433800,0,2412430,84,business,14326,32028,838,0,excellent,0
APP-10588,47,other,7,2389228,0,1428490,12,education,723702,153057,424,1,poor,1
APP-10589,41,salaried,2,2230357,0,2816308,48,vehicle,292400,73474,305,1,fair,1
APP-10590,49,salaried,8,1186536,0,2749638,36,education,0,84016,372,1,poor,1
APP-10591,46,salaried,7,1973180,129168,733422,48,vehicle,799114,41224,457,0,poor,1
APP-10592,40,other,19,850656,70390,1591225,60,personal,938422,57846,697,0,good,1
APP-10593,26,self,5,1081633,0,1836845,12,home,496041,183533,529,0,poor,1
APP-10594,54,self,33,652196,249300,382118,120,vehicle,143997,7901,607,1,fair,1
APP-10595,57,salaried,4,489141,0,2191827,48,vehicle,702956,71708,882,0,good,0
APP-10596,37,salaried,16,368235,262681,803096,120,personal,0,7361,346,0,poor,1
APP-10597,41,salaried,14,2187218,0,1161802,36,personal,92020,38310,565,1,good,1
APP-10598,22,salaried,0,355803,270148,1980063,84,vehicle,0,25929,798,0,excellent,0
APP-10599,44,self,22,1956738,0,417568,24,personal,127348,23029,316,1,fair,1
APP-10600,34,salaried,4,1314099,0,2675882,120,business,325535,34474,774,0,excellent,0
APP-10601,22,salaried,1,2167580,0,2027569,12,vehicle,221118,192616,601,0,poor,1
APP-10602,42,salaried,20,2111049,0,2129129,84,business,591230,45946,597,0,fair,1
APP-10603,58,self,31,1272683,0,2265887,12,vehicle,590130,225737,365,1,poor,1
APP-10604,28,salaried,10,1754434,0,1879681,12,personal,211537,178767,780,0,excellent,0
APP-10605,53,salaried,21,2264894,173822,1687335,48,other,387755,50516,783,0,excellent,0
APP-10606,60,salaried,5,2325386,124587,705628,60,vehicle,446191,26569,805,0,excellent,0
APP-10607,56,salaried,1,1804860,0,1547550,84,personal,911210,48107,815,0,excellent,0
APP-10608,42,salaried,19,1250807,137490,2089963,36,education,0,63859,347,2,poor,1
APP-10609,65,self,38,736803,0,1886378,120,vehicle,0,17291,413,2,poor,1
APP-10610,27,self,0,2427794,81897,911452,36,personal,0,27849,752,0,excellent,0
APP-10611,27,salaried,5,1703445,0,565830,120,personal,445945,18812,306,1,poor,1
APP-10612,39,salaried,2,1415750,237584,1562648,84,other,799794,44901,842,0,excellent,0
APP-10613,29,self,6,2016767,0,2214912,120,other,41208,21562,753,0,excellent,0
APP-10614,54,other,5,1718948,106153,1870631,12,vehicle,0,171474,454,2,fair,1
APP-10615,63,self,18,2058693,0,2905778,84,business,0,38051,621,2,good,1
APP-10616,54,self,9,1994239,0,910392,60,business,0,16690,752,0,excellent,0
APP-10617,46,self,28,1564714,195370,1685751,84,other,0,22075,429,1,poor,1
APP-10618,26,salaried,4,2486641,103900,148237,12,business,263063,21626,611,1,poor,1
APP-10619,24,self,2,2428606,45025,2780334,12,vehicle,782652,278777,305,1,poor,1
APP-10620,57,self,34,1280787,169178,2847275,120,other,156770,30890,686,0,good,0
APP-10621,54,salaried,23,2205512,243185,1778275,12,home,941669,191781,433,1,poor,1
APP-10622,64,salaried,37,2476613,0,1156011,60,vehicle,471457,35598,801,0,excellent,0
APP-10623,31,salaried,2,2333249,0,592680,84,business,0,7761,420,1,poor,1
APP-10624,31,other,5,798140,0,1763875,12,home,313657,171271,341,1,fair,1
APP-10625,44,salaried,15,417347,0,646177,120,business,992327,36244,612,1,fair,1
APP-10626,21,salaried,2,583386,0,1801437,48,business,484348,56081,645,1,fair,1
APP-10627,29,self,8,2233306,0,2848526,48,personal,0,65278,633,0,fair,1
APP-10628,47,salaried,28,1958415,44022,2862045,48,other,102830,68730,469,2,poor,1
APP-10629,56,self,35,657153,47721,2441778,60,personal,0,44765,814,0,good,0
APP-10630,63,other,11,379580,127901,1078806,120,other,0,9889,893,0,excellent,0
APP-10631,59,salaried,37,488675,0,147573,36,vehicle,35225,5585,840,0,excellent,0
APP-10632,26,salaried,1,1005297,115771,1121873,120,home,437060,23637,473,0,poor,1
APP-10633,22,self,2,1935525,94690,1781504,36,education,877949,81260,423,0,poor,1
APP-10634,58,salaried,32,2415696,80335,1179473,12,education,436850,121466,367,1,poor,1
APP-10635,22,salaried,4,725761,85835,1327638,60,vehicle,897386,51760,812,0,excellent,0
APP-10636,44,salaried,5,1328281,0,1827346,60,vehicle,862118,59843,775,0,good,0
APP-10637,39,self,5,302277,272804,1196315,60,education,0,21932,689,2,fair,1
APP-10638,58,self,18,490776,56666,1310968,12,vehicle,880840,147086,443,2,poor,1
APP-10639,34,self,10,1737116,0,1948837,36,personal,347262,70157,649,0,poor,1
APP-10640,22,other,1,308587,0,67948,12,other,592788,24340,800,0,excellent,1
APP-10641,26,self,1,429803,0,2866949,48,other,862262,92046,685,1,good,1
APP-10642,65,other,7,2240673,121182,1914693,12,personal,0,175513,587,0,poor,1
APP-10643,26,self,4,1227560,278897,1572528,12,education,748247,167011,514,0,poor,1
APP-10644,46,salaried,8,2398517,0,2364354,24,other,0,108366,878,0,excellent,0
APP-10645,29,self,2,1388943,0,1006155,60,other,0,18446,496,2,fair,1
APP-10646,60,salaried,35,2203904,243930,2738407,84,other,994360,66243,630,0,poor,0
APP-10647,28,self,7,2378591,42788,991823,12,education,0,90917,845,0,excellent,0
APP-10648,46,salaried,2,406417,0,996352,84,vehicle,0,13047,555,0,fair,1
APP-10649,61,self,1,2313125,0,150761,60,other,0,2763,556,0,fair,1
APP-10650,24,self,4,1292974,0,2566434,60,vehicle,0,47051,757,0,excellent,0
APP-10651,24,other,3,1613989,0,2958178,12,personal,851363,297179,752,0,excellent,1
APP-10652,61,salaried,6,534000,0,1286970,120,vehicle,657288,31880,720,0,good,0
APP-10653,63,self,29,1910277,0,1845605,60,business,692540,54996,326,1,poor,1
APP-10654,27,salaried,9,583302,0,862078,60,personal,278735,24320,663,0,good,0
APP-10655,32,salaried,12,484846,183403,2501664,48,business,0,57329,666,0,fair,0
APP-10656,30,salaried,9,1738228,24237,2221309,60,other,70101,42864,543,0,poor,1
APP-10657,48,salaried,6,1144150,0,1482572,24,other,735447,90422,778,0,excellent,0
APP-10658,58,salaried,21,1556745,0,730651,12,vehicle,0,66976,343,1,poor,1
APP-10659,35,self,14,1193967,193809,1626688,24,vehicle,17052,75077,671,0,good,1
APP-10660,28,salaried,7,1115387,0,1559568,12,home,307901,152368,478,1,poor,1
APP-10661,42,self,7,1048857,112315,1148020,12,home,0,105235,440,1,poor,1
APP-10662,42,other,9,2213456,215218,2822052,24,business,0,129344,744,0,fair,1
APP-10663,28,salaried,2,1095412,218283,2962331,36,education,677044,111202,550,2,poor,1
APP-10664,33,self,9,923134,47923,2690142,120,education,0,24659,820,0,good,0
APP-10665,34,self,15,572097,223484,2755626,120,business,554098,42189,775,0,excellent,0
APP-10666,54,self,31,2287085,230211,2726408,120,business,227264,31936,524,1,fair,1
APP-10667,46,salaried,13,1881600,0,1619119,36,business,798133,73860,386,1,poor,1
APP-10668,58,salaried,32,1710854,0,2011050,48,vehicle,531711,62332,624,0,good,0
APP-10669,35,salaried,2,1806144,0,1285297,120,business,684920,32709,380,2,poor,1
APP-10670,28,salaried,0,1140146,192617,1098675,36,other,0,33570,581,0,fair,1
APP-10671,55,other,0,1556085,201735,1743706,48,business,0,39959,312,1,poor,1
APP-10672,46,salaried,23,1180279,0,2213528,60,business,0,40581,772,0,excellent,0
APP-10673,41,self,13,2051909,255914,2392295,12,education,926193,247593,431,1,poor,1
APP-10674,63,self,21,1245776,0,2926297,120,vehicle,0,26824,850,0,excellent,0
APP-10675,22,salaried,0,883573,193146,2433165,84,business,0,31862,887,0,good,0
APP-10676,34,other,2,1920821,76957,1429260,60,vehicle,329443,36269,395,0,poor,1
APP-10677,23,self,4,2349392,124332,341466,48,education,315246,17457,836,0,excellent,0
APP-10678,44,salaried,5,1670581,0,1773276,48,personal,0,40637,432,1,poor,1
APP-10679,45,other,27,1166038,127833,1349215,48,other,176494,36311,888,0,good,0
APP-10680,33,salaried,14,1455283,94811,1919533,12,vehicle,268830,184171,838,0,excellent,0
APP-10681,52,salaried,2,682112,259236,1504508,84,other,0,19701,700,0,good,0
APP-10682,47,salaried,28,2112260,0,2814382,24,other,422668,141906,344,1,poor,1
APP-10683,61,salaried,42,579944,0,961232,48,vehicle,0,22028,866,0,excellent,0
APP-10684,25,self,5,2020067,0,1110180,24,business,38015,52044,374,1,poor,1
APP-10685,45,salaried,12,1115387,25629,1101116,12,other,0,100935,634,0,fair,1
APP-10686,25,salaried,3,2135946,166350,726820,24,home,195846,39296,601,0,poor,0
APP-10687,25,self,0,1446103,207740,796335,24,other,717835,58431,845,0,excellent,0
APP-10688,61,self,41,731146,181650,1912215,12,business,819930,200339,686,1,fair,1
APP-10689,36,salaried,0,2068665,27633,1463969,120,personal,76240,15748,525,2,good,1
APP-10690,31,salaried,8,751658,0,1403416,60,other,227180,32670,854,0,excellent,0
APP-10691,28,salaried,1,1795589,27861,1736695,84,education,233103,29864,769,0,excellent,0
APP-10692,62,self,2,582407,0,1774265,36,business,116759,57780,849,0,excellent,0
APP-10693,31,salaried,1,1660440,0,2970558,48,other,0,68075,436,1,poor,1
APP-10694,63,salaried,21,374024,0,2503822,48,vehicle,787848,81452,538,0,poor,1
APP-10695,35,salaried,3,1595405,244656,1071504,60,home,402716,31949,810,0,excellent,0
APP-10696,45,salaried,1,1298512,0,2558509,48,other,0,58632,437,1,poor,1
APP-10697,54,self,26,1509868,0,1010537,120,other,264016,17330,510,0,poor,1
APP-10698,64,self,14,1900067,0,819845,48,other,922121,46963,803,0,excellent,0
APP-10699,24,self,1,1156560,111056,2535673,60,personal,91961,49296,736,0,good,0
APP-10700,31,self,3,2078455,150531,1321296,36,business,676478,61042,506,0,poor,1
APP-10701,44,salaried,5,2274315,0,2169350,60,other,173450,45070,793,0,excellent,0
APP-10702,48,self,24,1559262,0,690884,60,other,408930,25161,774,0,excellent,0
APP-10703,45,salaried,15,601736,266026,870891,24,personal,913510,67827,812,0,excellent,0
APP-10704,52,salaried,26,1955280,0,1615083,48,vehicle,626886,56166,372,1,fair,1
APP-10705,45,other,5,1114652,0,1120631,120,other,753575,33297,800,0,excellent,0
APP-10706,65,salaried,24,2078554,0,1066501,48,home,0,24440,670,0,good,0
APP-10707,30,salaried,7,918103,104634,101746,12,home,971421,39008,693,0,good,0
APP-10708,54,other,27,995514,0,1110618,84,education,569102,31932,691,0,good,0
APP-10709,27,self,5,898583,129851,1719208,84,education,186578,28213,803,0,excellent,0
APP-10710,65,salaried,26,1509386,0,765691,24,education,150857,39703,502,0,fair,0
APP-10711,49,salaried,13,1078622,115802,854823,36,vehicle,967319,55675,411,2,fair,1
APP-10712,26,salaried,4,569536,143092,2054445,48,other,0,47081,309,0,poor,1
APP-10713,63,salaried,2,706184,23807,1625656,60,business,0,29803,572,2,fair,1
APP-10714,59,salaried,23,1738971,0,1054942,36,other,650479,52109,358,2,poor,1
APP-10715,21,salaried,3,882433,84432,2275620,36,other,0,69532,554,0,fair,1
APP-10716,53,salaried,12,313124,0,1401335,12,other,57976,130226,633,0,fair,1
APP-10717,46,self,25,641287,269625,2811273,120,other,0,25770,694,0,excellent,0
APP-10718,54,self,32,433151,65660,1313946,120,other,0,12044,778,0,excellent,0
APP-10719,28,salaried,8,1310414,109355,2817171,84,home,760534,60129,329,0,poor,1
APP-10720,38,salaried,8,2297756,0,2862705,12,other,570509,279846,803,0,excellent,0
APP-10721,35,other,2,1739593,220094,2792737,84,business,0,36571,747,0,fair,0
APP-10722,37,salaried,2,767172,118648,536984,60,education,338594,20189,689,0,excellent,0
APP-10723,58,salaried,24,2077120,211377,2899199,120,personal,640841,46156,527,0,good,0
APP-10724,41,salaried,9,1218150,0,1961698,24,business,793349,114152,335,1,poor,1
APP-10725,38,other,18,2306063,0,954732,48,education,0,21879,685,0,fair,0
APP-10726,34,self,7,520479,0,800865,120,vehicle,0,7341,606,2,fair,1
APP-10727,22,salaried,2,2071831,0,1510906,120,vehicle,563485,31066,589,0,poor,1
APP-10728,46,salaried,10,527009,0,1325378,48,other,154243,35085,752,0,excellent,0
APP-10729,30,salaried,12,1120636,0,88304,36,other,0,2698,404,1,poor,1
APP-10730,45,other,13,1005578,0,452853,36,vehicle,65021,15823,420,2,poor,1
APP-10731,48,other,20,1994473,82286,1060220,48,vehicle,635114,43702,476,1,poor,1
APP-10732,50,self,24,1454339,0,1916961,36,home,96651,61526,424,1,poor,1
APP-10733,35,salaried,15,1448085,0,446585,120,business,517711,19911,744,0,good,0
APP-10734,27,salaried,8,1075484,0,2989124,12,vehicle,572473,291495,842,0,excellent,0
APP-10735,58,salaried,7,1170166,0,542101,24,business,15582,25322,868,0,excellent,0
APP-10736,28,salaried,9,1164990,0,418347,60,education,0,7669,335,0,fair,0
APP-10737,44,other,5,2074405,0,2810520,12,personal,554675,274579,600,0,fair,1
APP-10738,52,self,33,1776886,0,2191571,24,other,869584,127017,345,1,fair,1
APP-10739,34,other,6,1806028,241257,361887,60,education,691332,27758,467,1,fair,1
APP-10740,64,salaried,44,900808,0,345941,84,other,673874,25120,497,2,poor,1
APP-10741,53,self,26,943789,247345,1639397,12,business,293246,159238,427,1,poor,1
APP-10742,25,salaried,1,1821775,0,1196106,24,personal,112704,58264,686,2,good,1
APP-10743,28,salaried,4,2353609,202924,2987923,60,education,646975,74546,401,2,fair,1
APP-10744,32,salaried,11,1988841,0,585076,36,home,757868,41034,459,1,fair,1
APP-10745,38,salaried,20,1852524,0,1094849,84,business,490024,29309,487,1,poor,1
APP-10746,53,salaried,27,2483532,0,1009506,36,other,0,30846,612,0,fair,0
APP-10747,61,salaried,15,692727,50100,404775,84,education,526791,21396,310,2,poor,1
APP-10748,29,salaried,8,822994,0,2634893,24,other,455622,134686,847,0,excellent,0
APP-10749,63,other,33,477653,0,756875,84,business,0,9911,479,0,poor,1
APP-10750,43,other,13,2378310,215708,524935,36,other,575307,33617,420,1,poor,1
APP-10751,34,salaried,12,1212106,0,2746826,60,home,0,50358,799,0,excellent,0
APP-10752,60,salaried,19,1784333,203354,830802,48,education,461730,33147,803,0,excellent,0
APP-10753,53,self,26,819433,0,78984,24,other,503563,19006,704,0,good,0
APP-10754,48,self,17,1430288,249938,2802636,120,vehicle,380920,37329,744,0,excellent,0
APP-10755,28,salaried,0,860695,193651,182567,24,other,512577,24029,572,0,fair,1
APP-10756,64,self,20,1977201,0,1680948,24,home,0,77043,321,0,poor,1
APP-10757,64,salaried,43,1735043,0,2554363,84,home,313527,43028,588,0,poor,1
APP-10758,60,salaried,32,1083748,80303,1155327,84,personal,460005,29184,503,0,poor,1
APP-10759,65,self,39,1059958,97975,1012107,12,personal,297164,101856,496,2,poor,1
APP-10760,33,salaried,1,1895314,0,1335327,84,other,0,17486,527,0,fair,1
APP-10761,48,self,9,761603,167092,1522303,84,vehicle,948586,48918,348,0,fair,1
APP-10762,34,salaried,8,722625,0,1108067,48,education,126946,29271,399,1,poor,1
APP-10763,42,salaried,11,1858571,164675,930943,60,vehicle,121532,20780,433,1,poor,1
APP-10764,58,other,12,1109196,0,463715,12,business,326120,52471,785,0,good,0
APP-10765,55,self,2,836166,152396,2400261,36,education,762170,96629,420,2,fair,1
APP-10766,54,other,32,391749,163732,2972197,24,education,603677,154670,362,2,poor,1
APP-10767,52,self,32,614512,287008,1661243,60,vehicle,294682,39460,511,0,good,1
APP-10768,58,self,32,2210257,0,2252316,36,education,0,68820,603,1,fair,1
APP-10769,35,salaried,7,1524079,97667,1214995,24,education,0,55687,352,1,poor,1
APP-10770,55,salaried,22,1848160,158432,610407,48,business,70045,16128,310,2,poor,1
APP-10771,32,salaried,0,746453,0,2936165,48,other,666649,87656,864,0,excellent,0
APP-10772,35,salaried,6,1958693,141489,1869923,36,personal,0,57136,395,1,poor,1
APP-10773,33,salaried,5,1482979,105416,795471,120,vehicle,206972,13615,371,0,poor,1
APP-10774,62,other,6,875841,0,99444,60,home,31722,2792,412,2,poor,1
APP-10775,23,salaried,0,1422632,27076,89410,120,home,868002,27341,646,1,good,0
APP-10776,51,self,28,984277,271085,698075,24,home,290448,40869,856,0,excellent,0
APP-10777,27,salaried,1,2445564,0,1791830,24,home,0,82125,324,1,poor,1
APP-10778,62,salaried,43,1913732,0,521476,48,personal,0,11950,529,0,poor,1
APP-10779,25,self,1,1812019,0,405695,12,business,459449,51226,843,0,excellent,0
APP-10780,64,salaried,42,1564850,0,1253788,36,home,533502,54611,677,2,fair,1
APP-10781,21,self,1,914839,224786,1923576,84,vehicle,0,25189,415,1,poor,1
APP-10782,30,salaried,2,1062827,0,1528948,36,vehicle,737104,69239,723,0,good,0
APP-10783,42,salaried,20,1331413,280624,2309669,60,vehicle,871304,68966,535,0,fair,1
APP-10784,54,salaried,14,665953,21502,902616,120,home,506947,23763,436,2,fair,1
APP-10785,44,self,24,884473,95570,2363160,48,personal,245496,61656,357,2,fair,1
APP-10786,45,self,22,2081357,75579,2829763,60,home,632776,71212,461,0,poor,1
APP-10787,36,salaried,18,2046906,115642,2020336,84,personal,0,26456,606,0,poor,0
APP-10788,62,self,18,766686,36839,2584087,120,personal,21395,24340,705,0,fair,0
APP-10789,56,self,16,2405005,139178,1827001,24,education,0,83737,834,0,excellent,0
APP-10790,34,salaried,1,1218160,60479,2954247,48,vehicle,683071,88572,714,0,fair,0
APP-10791,24,self,5,2079315,76833,487885,12,education,897734,72152,643,0,fair,1
APP-10792,27,salaried,9,346040,0,1346543,24,business,984338,91792,333,1,fair,1
APP-10793,57,salaried,30,491598,68869,1344382,12,education,0,123235,707,0,good,0
APP-10794,46,self,4,708440,284020,473636,60,personal,844739,34494,691,0,fair,0
APP-10795,39,salaried,21,2242408,68911,1021275,24,other,816172,71746,464,2,poor,1
APP-10796,62,salaried,21,2176868,0,1471955,36,education,995809,75403,741,0,excellent,0
APP-10797,36,salaried,2,939217,0,2136761,12,home,922740,224063,616,0,poor,1
APP-10798,52,salaried,20,1011847,0,727264,12,education,380533,78292,391,0,poor,1
APP-10799,37,other,8,2154072,0,639078,12,business,391128,70533,593,0,poor,1
APP-10800,49,salaried,20,1867340,236632,2172076,48,education,0,49776,343,1,poor,1
APP-10801,65,self,0,948280,0,1269118,48,personal,905304,56745,374,1,poor,1
APP-10802,43,salaried,20,2249734,114515,504445,48,vehicle,354688,22397,366,1,poor,1
APP-10803,34,self,15,779519,40070,2336236,24,vehicle,233839,114222,627,0,poor,1
APP-10804,24,other,2,2104010,0,945151,12,personal,0,86638,733,0,good,0
APP-10805,32,salaried,1,1448842,0,1301315,120,other,450110,25681,837,0,excellent,0
APP-10806,32,self,1,2097403,175663,740102,24,education,0,33921,793,0,excellent,0
APP-10807,65,salaried,44,1932162,0,2402620,120,business,767830,45485,892,0,excellent,0
APP-10808,63,other,20,359503,260469,668603,48,education,716682,37220,716,0,good,0
APP-10809,49,other,8,2184620,0,2475889,12,home,206772,233274,730,0,good,0
APP-10810,59,salaried,22,1179810,0,2900567,60,home,391466,65138,316,1,poor,1
APP-10811,65,salaried,29,2036667,0,1527280,120,business,812245,38818,643,0,good,0
APP-10812,44,salaried,19,982233,0,1650392,36,other,468745,64750,590,1,poor,1
APP-10813,26,self,1,675968,0,2634783,48,home,798242,84770,857,0,excellent,0
APP-10814,53,salaried,2,1515947,0,938651,24,vehicle,130063,46995,500,1,poor,1
APP-10815,50,salaried,25,331898,0,989258,60,education,700677,39545,570,0,poor,1
APP-10816,64,salaried,26,437047,100412,1620371,120,business,0,14853,625,0,poor,0
APP-10817,36,salaried,12,1108076,0,1699694,120,home,0,15580,891,0,excellent,0
APP-10818,45,other,5,1990803,0,2219617,24,vehicle,754515,124786,429,1,poor,1
APP-10819,61,other,35,967117,0,904642,12,home,22098,83600,456,0,poor,1
APP-10820,57,salaried,8,2202981,0,1552069,24,personal,242527,78546,604,0,poor,1
APP-10821,37,self,8,647973,0,2681665,12,other,0,245819,405,0,poor,1
APP-10822,27,salaried,4,1057607,279126,1565810,120,personal,524889,30391,322,1,poor,1
APP-10823,25,salaried,6,1873930,0,2707308,48,personal,20632,62672,482,1,poor,1
APP-10824,28,other,5,2329669,0,2566552,60,home,787725,71122,560,2,good,1
APP-10825,55,salaried,32,938985,211307,531457,24,home,240436,31704,385,2,poor,1
APP-10826,38,salaried,2,1761938,0,2784369,36,vehicle,0,85077,807,0,excellent,0
APP-10827,33,salaried,6,1478946,0,481571,60,business,842673,34576,510,2,fair,1
APP-10828,48,salaried,8,1636928,0,2597182,48,vehicle,380058,71130,682,1,fair,1
APP-10829,31,self,8,1361425,0,1280917,60,other,0,23483,843,0,excellent,0
APP-10830,28,salaried,5,2100978,0,1550489,24,home,399714,83277,680,0,good,0
APP-10831,41,self,22,1679378,188590,1025799,60,home,641035,38393,517,0,good,0
APP-10832,59,other,4,2068948,0,1875384,36,education,62072,59199,805,0,excellent,0
APP-10833,47,salaried,14,1017812,0,2529551,48,personal,308882,67406,318,1,poor,1
APP-10834,50,salaried,25,455223,0,2262552,12,education,82827,209930,781,0,excellent,0
APP-10835,40,salaried,11,1979165,184193,2121225,60,home,740288,61508,765,0,excellent,0
APP-10836,28,self,9,730937,45078,93604,24,home,0,4290,746,0,good,0
APP-10837,33,self,11,320725,0,270163,36,home,329071,18308,376,1,poor,1
APP-10838,38,self,4,2232289,187422,670763,120,business,0,6148,723,0,good,0
APP-10839,54,salaried,36,2304570,0,1226676,36,other,106258,40727,570,1,poor,1
APP-10840,56,self,15,1163570,0,365178,48,home,713069,30156,521,0,fair,1
APP-10841,27,salaried,9,2455567,0,1357890,84,vehicle,898990,45250,816,0,excellent,0
APP-10842,35,other,12,2197636,0,2203624,24,vehicle,301334,110206,733,0,excellent,0
APP-10843,57,self,9,2233381,0,512208,24,home,0,23476,491,1,poor,1
APP-10844,49,salaried,7,652601,131183,681746,48,business,359951,26621,354,1,poor,1
APP-10845,62,salaried,27,1113408,231126,790903,60,education,527594,30619,831,0,excellent,0
APP-10846,62,salaried,7,1220984,38710,2462691,36,personal,115939,78790,582,0,fair,1
APP-10847,46,salaried,7,1425193,0,767348,120,personal,311982,16566,594,1,good,1
APP-10848,65,self,47,1580622,0,2935412,24,personal,82828,137069,470,0,poor,1
APP-10849,21,self,3,1701124,158324,372865,24,other,0,17089,309,1,poor,1
APP-10850,21,salaried,1,2282094,29117,2429289,84,education,0,31812,837,0,excellent,0
APP-10851,27,salaried,5,2198410,0,1521282,60,education,275852,36318,673,0,fair,0
APP-10852,42,self,24,2331531,292267,2733517,12,personal,0,250572,525,0,good,1
APP-10853,22,salaried,3,1807516,66805,863032,48,other,297230,28859,857,0,good,0
APP-10854,54,salaried,22,1689135,238782,1208664,36,personal,555341,53899,651,1,excellent,0
APP-10855,57,other,22,1509673,24369,2142651,84,personal,167525,33176,835,0,good,0
APP-10856,56,self,19,2341891,174521,115399,48,home,875568,29397,426,0,poor,1
APP-10857,43,self,0,509304,203615,1238101,120,business,816234,36289,874,0,excellent,0
APP-10858,38,salaried,6,2112152,0,388555,36,personal,988253,42068,663,0,good,0
APP-10859,48,salaried,28,711623,0,1316774,60,education,466986,38409,630,1,good,1
APP-10860,37,salaried,17,1136860,64877,1297109,60,other,202279,29960,684,1,fair,0
APP-10861,29,salaried,11,1613909,0,2923783,84,education,458443,52294,777,0,excellent,0
APP-10862,50,salaried,1,2065460,93707,2630371,36,personal,401235,92631,430,1,poor,1
APP-10863,24,self,3,828213,0,74968,48,business,66986,3764,386,0,poor,1
APP-10864,27,salaried,1,1518767,0,2946556,36,home,623015,109069,823,0,excellent,0
APP-10865,65,salaried,9,2377458,101146,1312033,84,education,0,17181,306,2,poor,1
APP-10866,28,salaried,2,807655,0,1086857,24,home,883176,76799,817,0,excellent,0
APP-10867,28,salaried,7,1071936,0,2343106,36,business,911055,99431,426,1,poor,1
APP-10868,30,self,10,1309493,125041,2047153,48,education,114878,50423,804,0,excellent,0
APP-10869,46,salaried,25,750199,0,1831878,24,home,135961,88115,877,0,excellent,0
APP-10870,40,salaried,20,2164281,205979,634281,48,other,19563,15132,462,1,poor,1
APP-10871,34,salaried,16,1938397,0,781892,84,personal,764145,33587,876,0,excellent,0
APP-10872,38,self,9,1952256,273621,1629250,48,business,614020,56097,819,0,excellent,0
APP-10873,37,salaried,10,1760017,0,1743550,12,home,778477,183611,462,1,poor,1
APP-10874,64,salaried,14,1292444,111225,1660962,120,vehicle,0,15225,363,1,fair,1
APP-10875,49,self,1,1030090,255672,1633890,24,other,219436,81590,500,0,fair,1
APP-10876,35,salaried,5,2120592,0,856547,12,business,711138,100245,398,1,poor,1
APP-10877,44,self,18,601843,296905,2131110,24,personal,506744,113158,812,0,excellent,0
APP-10878,56,self,4,2140788,0,1627554,120,home,143370,19299,829,0,excellent,0
APP-10879,52,salaried,34,1687978,171989,1104371,48,other,924822,53566,461,2,fair,1
APP-10880,36,self,16,1609626,49699,2339845,84,home,992439,60964,569,0,good,1
APP-10881,37,salaried,1,884218,192810,2832233,12,personal,854797,285739,877,0,good,0
APP-10882,43,other,13,638033,0,2058113,24,education,0,94330,406,0,poor,1
APP-10883,43,salaried,9,1255274,49022,160535,120,personal,912084,29340,688,0,good,0
APP-10884,51,salaried,24,825283,0,1840269,60,personal,133724,37824,676,0,good,0
APP-10885,36,salaried,18,342151,44001,112489,120,other,69646,3159,378,0,poor,1
APP-10886,23,salaried,4,1324435,0,594069,60,vehicle,138320,15117,378,0,poor,1
APP-10887,52,self,22,1223951,0,1319695,36,business,695395,61572,550,0,fair,1
APP-10888,53,salaried,22,2023162,0,2658319,48,education,966352,90446,440,2,poor,1
APP-10889,56,salaried,23,895428,143262,2979058,48,other,0,68270,416,0,poor,1
APP-10890,38,salaried,9,654390,221293,2127679,12,vehicle,56573,196765,529,0,good,1
APP-10891,55,salaried,19,431307,0,1508797,12,business,0,138306,644,2,poor,1
APP-10892,34,self,10,2120646,0,289572,120,home,766334,26069,594,1,poor,1
APP-10893,48,salaried,18,2476478,219906,2010134,84,personal,25920,27115,587,1,poor,1
APP-10894,36,self,9,1715713,0,211926,60,education,701252,25312,556,1,poor,1
APP-10895,21,salaried,2,1409466,0,1911468,48,home,499097,59054,337,2,poor,1
APP-10896,34,salaried,2,1459497,0,2362940,36,home,280539,80772,582,0,fair,1
APP-10897,61,salaried,39,507952,40186,822823,84,business,0,10775,893,0,excellent,0
APP-10898,35,salaried,8,1379802,205249,2316775,84,home,376718,41848,411,0,poor,1
APP-10899,25,salaried,5,1857594,0,2906389,48,home,928398,94971,589,0,fair,1
APP-10900,42,other,20,1871671,0,1283389,60,home,56777,25262,597,2,poor,1
APP-10901,27,self,5,2442434,0,2181470,120,business,0,19996,520,0,fair,0
APP-10902,45,self,20,629022,0,991961,60,business,0,18185,861,0,excellent,0
APP-10903,28,self,8,515719,0,2814875,60,business,292258,60536,499,2,poor,1
APP-10904,42,salaried,24,1818191,185054,534093,84,personal,932984,35501,719,0,good,0
APP-10905,56,salaried,23,2330691,0,1933108,120,vehicle,878033,44548,428,2,poor,1
APP-10906,64,salaried,8,1391689,0,1482655,36,home,451474,59098,817,0,good,0
APP-10907,52,self,12,1054621,0,115063,24,home,812694,30105,867,0,excellent,0
APP-10908,27,salaried,0,2109506,107522,356245,24,business,0,16327,697,2,good,1
APP-10909,65,salaried,45,1530574,196496,2530838,60,business,767260,69842,346,0,poor,1
APP-10910,47,self,23,2127416,270140,2986489,24,other,813162,161726,821,0,excellent,0
APP-10911,58,salaried,29,1891212,112653,2183504,84,business,820555,53665,399,1,poor,1
APP-10912,57,salaried,33,2431662,0,1839665,36,education,804086,80780,482,2,fair,1
APP-10913,48,salaried,18,1618552,169312,744545,12,education,470237,82617,529,1,fair,1
APP-10914,59,self,14,1468653,128445,2365941,120,business,0,21687,328,1,fair,1
APP-10915,55,self,0,2348355,0,158117,36,personal,608910,23436,736,0,good,0
APP-10916,29,self,4,759758,0,553067,48,vehicle,101083,15762,440,2,poor,1
APP-10917,43,self,23,1232988,0,1422022,24,business,485491,80010,825,0,excellent,0
APP-10918,65,salaried,2,2117717,293309,1381805,24,business,930202,91754,336,2,poor,1
APP-10919,29,salaried,3,1120734,99394,2082170,120,personal,0,19086,589,0,fair,0
APP-10920,54,self,13,313412,0,2108107,60,business,196767,44660,339,1,poor,1
APP-10921,61,salaried,40,1762569,0,2805410,24,education,0,128581,599,0,fair,1
APP-10922,46,salaried,17,2317288,134782,521303,120,education,478894,19410,633,0,fair,0
APP-10923,50,other,7,1757850,0,587113,120,vehicle,0,5381,800,0,excellent,0
APP-10924,22,salaried,4,1202220,0,1765494,12,business,0,161836,567,0,fair,1
APP-10925,48,salaried,29,529148,134791,1475398,84,home,439718,32755,526,0,good,1
APP-10926,61,salaried,39,1682795,30443,138574,120,vehicle,748963,24154,641,2,poor,1
APP-10927,25,self,3,1818748,0,708475,120,business,762689,29798,534,0,good,0
APP-10928,42,salaried,17,1343139,0,201309,120,home,0,1845,839,0,excellent,0
APP-10929,52,salaried,18,1564441,149661,191675,36,other,832139,31282,686,0,excellent,0
APP-10930,26,salaried,8,2042230,99611,450793,84,business,0,5903,498,2,poor,1
APP-10931,48,salaried,0,1567325,126255,468084,36,other,404873,26673,598,0,fair,1
APP-10932,56,salaried,18,2424807,29024,2134715,84,vehicle,0,27954,859,0,excellent,0
APP-10933,35,salaried,0,1966600,0,1925211,36,vehicle,684044,79726,618,0,poor,1
APP-10934,27,salaried,3,2354418,0,401855,24,vehicle,506516,33894,835,0,excellent,0
APP-10935,35,salaried,15,1357064,0,1467123,120,personal,732466,35828,878,0,excellent,0
APP-10936,38,self,17,2349869,0,1362884,84,personal,753302,40864,794,0,excellent,0
APP-10937,27,salaried,1,1875741,27143,729867,60,other,216954,20009,748,0,fair,0
APP-10938,23,self,3,1016060,0,2250286,48,personal,0,51569,860,0,excellent,0
APP-10939,39,salaried,9,1437107,0,2629918,36,business,158391,85197,597,0,fair,1
APP-10940,44,salaried,8,2280173,0,1434863,84,other,0,18789,438,0,poor,1
APP-10941,21,salaried,1,930609,0,73498,36,other,737759,24787,396,1,poor,1
APP-10942,60,salaried,10,580062,138504,1496856,84,home,0,19601,581,0,poor,1
APP-10943,58,self,23,1991430,0,2403475,60,other,91239,46850,456,0,poor,1
APP-10944,37,salaried,4,2490759,0,1656194,36,business,0,50605,583,2,poor,1
APP-10945,63,other,13,1005059,141546,957829,12,business,182824,93386,786,0,good,0
APP-10946,25,self,0,874514,0,1894189,48,other,327255,53407,812,0,excellent,0
APP-10947,56,salaried,24,2290104,293670,1379476,60,home,0,25290,519,2,poor,1
APP-10948,30,self,8,2152401,0,1100836,84,home,466564,28671,656,0,fair,0
APP-10949,63,salaried,27,1196658,0,851045,48,education,793945,43762,310,0,poor,1
APP-10950,21,salaried,2,694719,0,1114347,60,home,45156,21808,581,0,fair,1
APP-10951,38,self,18,427617,0,2024717,60,other,192212,42992,784,0,excellent,0
APP-10952,55,self,2,1849937,100316,792004,120,personal,884579,34288,422,0,poor,1
APP-10953,41,salaried,17,1463827,0,864459,84,business,0,11320,640,1,poor,1
APP-10954,31,other,9,1836191,0,2837095,48,vehicle,0,65016,362,0,poor,1
APP-10955,30,self,1,1023874,0,1205637,60,personal,439131,35520,477,1,poor,1
APP-10956,40,salaried,11,793730,65138,2424769,48,home,104960,58774,486,2,fair,1
APP-10957,61,other,10,343783,216361,1980844,12,other,0,181577,615,1,fair,1
APP-10958,29,salaried,6,1504086,93623,2419949,36,vehicle,207389,80278,579,1,good,1
APP-10959,37,self,8,687604,0,2477227,36,education,0,75693,835,0,excellent,0
APP-10960,64,self,2,1917662,130447,2995187,48,education,725147,90796,595,0,fair,1
APP-10961,56,self,17,680664,0,933832,36,personal,42975,29846,418,1,poor,1
APP-10962,29,salaried,5,1861467,0,2811130,60,home,119694,55194,667,1,excellent,0
APP-10963,51,salaried,6,1084802,0,1334613,24,vehicle,798576,85569,322,1,poor,1
APP-10964,57,self,25,2286305,0,1109375,84,education,515998,30293,710,0,good,0
APP-10965,53,salaried,27,1429781,0,1730867,60,home,184467,37368,607,1,poor,1
APP-10966,33,other,4,844801,0,275653,12,education,0,25268,444,2,poor,1
APP-10967,50,salaried,9,1140565,0,1313669,36,home,909428,67927,508,0,poor,1
APP-10968,64,salaried,23,320739,0,1495826,12,vehicle,423188,150047,517,2,fair,1
APP-10969,36,self,3,1925602,90006,1727233,120,education,0,15832,734,0,good,0
APP-10970,25,salaried,0,1229852,0,797257,120,personal,366359,18502,813,0,good,0
APP-10971,59,self,4,1264998,118550,235589,24,education,366082,21982,693,0,good,0
APP-10972,40,salaried,15,446073,241111,802952,24,vehicle,884756,63835,408,1,fair,1
APP-10973,62,self,0,974795,285798,1660571,84,vehicle,695577,42998,711,0,good,0
APP-10974,40,salaried,20,786364,0,1938569,60,education,0,35540,643,1,poor,1
APP-10975,32,other,8,1908397,0,385582,24,home,989555,47908,564,0,poor,1
APP-10976,48,salaried,9,467119,276702,1980431,36,home,0,60513,678,0,good,0
APP-10977,22,salaried,1,1529936,29184,1923889,36,education,634719,78179,414,1,fair,1
APP-10978,36,salaried,17,696666,95835,2704658,48,vehicle,0,61981,653,2,good,1
APP-10979,54,salaried,2,621015,40073,665515,60,other,934882,40766,403,1,poor,1
APP-10980,42,other,23,1566620,0,143883,24,other,694610,27818,381,2,poor,1
APP-10981,33,salaried,9,2456038,0,1072371,84,home,505890,29499,520,1,fair,1
APP-10982,38,salaried,1,1972145,0,2894611,36,education,227198,95388,319,2,poor,1
APP-10983,38,salaried,20,1634457,137872,125803,84,education,651084,21541,594,1,fair,1
APP-10984,58,salaried,38,1678885,0,2044823,60,home,345169,48034,654,1,excellent,0
APP-10985,34,salaried,5,1936035,36916,2821170,120,business,0,25860,798,0,excellent,0
APP-10986,26,salaried,8,1848501,185327,1943724,84,vehicle,665216,45779,898,0,excellent,0
APP-10987,57,salaried,1,1490711,0,2108383,24,vehicle,0,96634,434,1,poor,1
APP-10988,27,salaried,3,764027,0,799196,120,personal,0,7325,710,0,good,0
APP-10989,34,salaried,8,1639675,0,2693567,12,other,0,246910,625,0,fair,1
APP-10990,46,salaried,14,1500759,0,1935154,24,personal,13499,89106,845,0,good,0
APP-10991,62,salaried,6,1907900,0,1803638,48,vehicle,40451,42569,529,0,fair,0
APP-10992,59,salaried,26,395771,151040,748179,60,other,105385,16936,679,0,good,0
APP-10993,45,salaried,27,1109633,0,726873,48,education,0,16657,545,0,poor,1
APP-10994,41,salaried,2,429561,261790,1975994,24,other,263633,98621,481,2,poor,1
APP-10995,59,self,10,1327031,0,342939,12,other,719752,53428,716,0,fair,0
APP-10996,45,salaried,13,1390641,0,2303773,12,other,0,211179,846,0,excellent,0
APP-10997,51,self,3,1528776,0,217379,36,vehicle,0,6642,823,0,excellent,0
APP-10998,48,self,3,912300,0,2481907,120,home,0,22750,675,0,good,0
APP-10999,51,salaried,6,1684228,0,360670,48,other,266616,16411,566,0,fair,0
APP-11000,49,self,17,449923,0,670857,60,education,932925,40805,679,0,good,0
